[34mNOTICE: saveToDB = false(B[m
[31mcreatePage(): data=[title=>Sizes](B[m
[31mcreatePage(): PAGE ALREADY EXISTS selector="template=h_sizes, title=Sizes"(B[m
[31msetKeyValue(): [key=>title,value=>Sizes,type=>FieldtypePageTitleLanguage](B[m
[34mNOTICE: -- instanceof Page(B[m
[34mNOTICE: -- setKeyValue_simple(title)(B[m
>>>  OK sizes-1.title                                 Sizes

======================================================================================
[31mgetPage(): OK 1 - template=h_person, h_av_lastname~=Abadie, h_av_firstname~=Julie(B[m
2022-11    1821 Hommage a L'Amite         Julie Abadie              1993                  EL          !!!!!!!! Julie Abadie
[31mcreatePage(): data=[title=>Julie Abadie,h_av_firstname=>Julie,h_av_lastname=>Abadie,h_av_duty=>Artist](B[m
[31mcreatePage(): PAGE ALREADY EXISTS selector="template=h_person, title=Julie Abadie"(B[m
[31msetKeyValue(): [key=>title,value=>Julie Abadie,type=>FieldtypePageTitleLanguage](B[m
>>>  OK 313-julia-abadie.title                        Julie Abadie
[31msetKeyValue(): [key=>h_av_firstname,value=>Julie,type=>FieldtypeTextLanguage](B[m
[34mNOTICE: -- setKeyValue_simple(h_av_firstname)(B[m
>>>  OK 313-julia-abadie.h_av_firstname               Julie
[31msetKeyValue(): [key=>h_av_lastname,value=>Abadie,type=>FieldtypeTextLanguage](B[m
[34mNOTICE: -- setKeyValue_simple(h_av_lastname)(B[m
>>>  OK 313-julia-abadie.h_av_lastname                Abadie
[31msetKeyValue(): [key=>h_av_duty,value=>Artist,type=>FieldtypeOptions,inputfieldClass=>InputfieldCheckboxes](B[m
[34mNOTICE: -- $type == FieldtypeOptions && $inputfieldClass == InputfieldCheckboxes(B[m
>>>  OK 313-julia-abadie.h_av_duty                    Artist
[31mgetPage(): OK 1 - template=h_brand, title~=Hermès(B[m
[31mcreatePage(): data=[title=>1821 Hommage a L'Amite,h_aw_day0=>2022-11,h_aw_more=>EL,h_aw_brand=>5835,h_aw_year=>1993](B[m
[31mcreatePage(): PAGE ALREADY EXISTS selector="template=h_artwork, title="1821 Hommage a L'Amite""(B[m
[31msetKeyValue(): [key=>title,value=>1821 Hommage a L'Amite,type=>FieldtypePageTitleLanguage](B[m
>>>  OK 1821-hommage-a-lamite.title                   1821 Hommage a L'Amite
[31msetKeyValue(): [key=>h_aw_day0,value=>2022-11,type=>FieldtypeText](B[m
[34mNOTICE: -- setKeyValue_simple(h_aw_day0)(B[m
>>>  OK 1821-hommage-a-lamite.h_aw_day0               2022-11
[31msetKeyValue(): [key=>h_aw_more,value=>EL,type=>FieldtypeText](B[m
[34mNOTICE: -- setKeyValue_simple(h_aw_more)(B[m
>>>  OK 1821-hommage-a-lamite.h_aw_more               EL
[31msetKeyValue(): [key=>h_aw_brand,value=>5835,type=>FieldtypePage,inputfield=>InputfieldAsmSelect,derefAsPage=>1](B[m
[34mNOTICE: -- type == FieldtypePage && key->inputfield == 'InputfieldAsmSelect'(B[m
>>>  OK 1821-hommage-a-lamite.h_aw_brand              Hermès
[31msetKeyValue(): [key=>h_aw_year,value=>1993,type=>FieldtypeText](B[m
[34mNOTICE: -- setKeyValue_simple(h_aw_year)(B[m
>>>  OK 1821-hommage-a-lamite.h_aw_year               1993
[31msetKeyValue(): [key=>h_aw_person,value=>5806,type=>FieldtypePage,inputfield=>InputfieldAsmSelect](B[m
>>>  OK 1821-hommage-a-lamite.h_aw_person             Julie Abadie

======================================================================================
[31mgetPage(): OK 1 - template=h_person, h_av_lastname~=de Poret, h_av_firstname~=Xavier(B[m
2023-09    A Propos de Bottes             Xavier de Poret           2008                  G           !!!!!!!! Xavier de Poret
[31mcreatePage(): data=[title=>Xavier de Poret,h_av_firstname=>Xavier,h_av_lastname=>de Poret,h_av_duty=>Artist](B[m
[31mcreatePage(): PAGE ALREADY EXISTS selector="template=h_person, title=Xavier de Poret"(B[m
[31msetKeyValue(): [key=>title,value=>Xavier de Poret,type=>FieldtypePageTitleLanguage](B[m
>>>  OK 318-xavier-de-poret.title                     Xavier de Poret
[31msetKeyValue(): [key=>h_av_firstname,value=>Xavier,type=>FieldtypeTextLanguage](B[m
>>>  OK 318-xavier-de-poret.h_av_firstname            Xavier
[31msetKeyValue(): [key=>h_av_lastname,value=>de Poret,type=>FieldtypeTextLanguage](B[m
>>>  OK 318-xavier-de-poret.h_av_lastname             de Poret
>>>  OK 318-xavier-de-poret.h_av_duty                 Artist
[31mcreatePage(): data=[title=>A Propos de Bottes,h_aw_day0=>2023-09,h_aw_more=>G,h_aw_brand=>5835,h_aw_year=>2008](B[m
[31mcreatePage(): PAGE ALREADY EXISTS selector="template=h_artwork, title=A Propos de Bottes"(B[m
[31msetKeyValue(): [key=>title,value=>A Propos de Bottes,type=>FieldtypePageTitleLanguage](B[m
>>>  OK a-propos-de-bottes.title                      A Propos de Bottes
[31msetKeyValue(): [key=>h_aw_day0,value=>2023-09,type=>FieldtypeText](B[m
>>>  OK a-propos-de-bottes.h_aw_day0                  2023-09
[31msetKeyValue(): [key=>h_aw_more,value=>G,type=>FieldtypeText](B[m
>>>  OK a-propos-de-bottes.h_aw_more                  G
>>>  OK a-propos-de-bottes.h_aw_brand                 Hermès
[31msetKeyValue(): [key=>h_aw_year,value=>2008,type=>FieldtypeText](B[m
>>>  OK a-propos-de-bottes.h_aw_year                  2008
[31msetKeyValue(): [key=>h_aw_person,value=>5811,type=>FieldtypePage,inputfield=>InputfieldAsmSelect](B[m
>>>  OK a-propos-de-bottes.h_aw_person                Xavier de Poret

======================================================================================
[31mgetPage(): OK 1 - template=h_person, h_av_lastname~=Cooke, h_av_firstname~=Leigh(B[m
2025-11-06 A Vos Crayons                  Leigh Cooke               2004                              !!!!!!!! Leigh Cooke
[31mcreatePage(): data=[title=>Leigh Cooke,h_av_firstname=>Leigh,h_av_lastname=>Cooke,h_av_duty=>Artist](B[m
[31mcreatePage(): PAGE ALREADY EXISTS selector="template=h_person, title=Leigh Cooke"(B[m
[31msetKeyValue(): [key=>title,value=>Leigh Cooke,type=>FieldtypePageTitleLanguage](B[m
>>>  OK leigh-cooke.title                             Leigh Cooke
[31msetKeyValue(): [key=>h_av_firstname,value=>Leigh,type=>FieldtypeTextLanguage](B[m
>>>  OK leigh-cooke.h_av_firstname                    Leigh
[31msetKeyValue(): [key=>h_av_lastname,value=>Cooke,type=>FieldtypeTextLanguage](B[m
>>>  OK leigh-cooke.h_av_lastname                     Cooke
>>>  OK leigh-cooke.h_av_duty                         Artist
[31mcreatePage(): data=[title=>A Vos Crayons,h_aw_day0=>2025-11-06,h_aw_brand=>5835,h_aw_year=>2004](B[m
[31mcreatePage(): PAGE ALREADY EXISTS selector="template=h_artwork, title=A Vos Crayons"(B[m
[31msetKeyValue(): [key=>title,value=>A Vos Crayons,type=>FieldtypePageTitleLanguage](B[m
>>>  OK a-vos-crayons.title                           A Vos Crayons
[31msetKeyValue(): [key=>h_aw_day0,value=>2025-11-06,type=>FieldtypeText](B[m
>> Load a-vos-crayons.h_aw_day0                       2025-11-06
>>>  OK a-vos-crayons.h_aw_brand                      Hermès
[31msetKeyValue(): [key=>h_aw_year,value=>2004,type=>FieldtypeText](B[m
>>>  OK a-vos-crayons.h_aw_year                       2004
[31msetKeyValue(): [key=>h_aw_person,value=>6168,type=>FieldtypePage,inputfield=>InputfieldAsmSelect](B[m
>> Load a-vos-crayons.6168                            Leigh Cooke

======================================================================================
2025-11-08 A Vos Crayons                  Leigh Cooke               2004            86x88             !!!!!!!! Leigh Cooke
>>>  OK leigh-cooke.h_av_duty                         Artist
[31mcreatePage(): data=[title=>A Vos Crayons,h_aw_day0=>2025-11-08,h_aw_size=>86x88,h_aw_price=>2690,h_aw_brand=>5835,h_aw_year=>2004](B[m
[31msetKeyValue(): [key=>h_aw_day0,value=>2025-11-08,type=>FieldtypeText](B[m
>> Load a-vos-crayons.h_aw_day0                       2025-11-08
[31msetKeyValue(): [key=>h_aw_size,value=>86x88,type=>FieldtypePage,inputfield=>InputfieldSelect,derefAsPage=>1](B[m
[34mNOTICE: -- type == FieldtypePage && key->inputfield == 'InputfieldSelect'(B[m
>>>  OK a-vos-crayons.h_aw_size                       86x88
[31msetKeyValue(): [key=>h_aw_price,value=>2690,type=>FieldtypeText](B[m
[34mNOTICE: -- setKeyValue_simple(h_aw_price)(B[m
>> Load a-vos-crayons.h_aw_price                      2690
>>>  OK a-vos-crayons.h_aw_brand                      Hermès
>>>  OK a-vos-crayons.h_aw_person                     Leigh Cooke

======================================================================================
[31mgetPage(): OK 1 - template=h_person, h_av_lastname~=Dallet, h_av_firstname~=Robert(B[m
2018-09-11 Afrika                         Robert Dallet             1997                              !!!!!!!! Robert Dallet
[31mcreatePage(): data=[title=>Robert Dallet,h_av_firstname=>Robert,h_av_lastname=>Dallet,h_av_duty=>Artist](B[m
[31mcreatePage(): PAGE ALREADY EXISTS selector="template=h_person, title=Robert Dallet"(B[m
[31msetKeyValue(): [key=>title,value=>Robert Dallet,type=>FieldtypePageTitleLanguage](B[m
>>>  OK robert-dallet.title                           Robert Dallet
[31msetKeyValue(): [key=>h_av_firstname,value=>Robert,type=>FieldtypeTextLanguage](B[m
>>>  OK robert-dallet.h_av_firstname                  Robert
[31msetKeyValue(): [key=>h_av_lastname,value=>Dallet,type=>FieldtypeTextLanguage](B[m
>>>  OK robert-dallet.h_av_lastname                   Dallet
>>>  OK robert-dallet.h_av_duty                       Artist
[31mcreatePage(): data=[title=>Afrika,h_aw_day0=>2018-09-11,h_aw_brand=>5835,h_aw_year=>1997](B[m
[31mcreatePage(): PAGE ALREADY EXISTS selector="template=h_artwork, title=Afrika"(B[m
[31msetKeyValue(): [key=>title,value=>Afrika,type=>FieldtypePageTitleLanguage](B[m
>>>  OK afrika.title                                  Afrika
[31msetKeyValue(): [key=>h_aw_day0,value=>2018-09-11,type=>FieldtypeText](B[m
>>>  OK afrika.h_aw_day0                              2018-09-11
>>>  OK afrika.h_aw_brand                             Hermès
[31msetKeyValue(): [key=>h_aw_year,value=>1997,type=>FieldtypeText](B[m
>>>  OK afrika.h_aw_year                              1997
[31msetKeyValue(): [key=>h_aw_person,value=>5973,type=>FieldtypePage,inputfield=>InputfieldAsmSelect](B[m
>>>  OK afrika.h_aw_person                            Robert Dallet

======================================================================================
[31mgetPage(): OK 1 - template=h_person, h_av_lastname~=Faivre, h_av_firstname~=Annie(B[m
2021-09-11 Alliances du Monde             Annie Faivre              2004            90x90             !!!!!!!! Annie Faivre
[31mcreatePage(): data=[title=>Annie Faivre,h_av_firstname=>Annie,h_av_lastname=>Faivre,h_av_duty=>Artist](B[m
[31mcreatePage(): PAGE ALREADY EXISTS selector="template=h_person, title=Annie Faivre"(B[m
[31msetKeyValue(): [key=>title,value=>Annie Faivre,type=>FieldtypePageTitleLanguage](B[m
>>>  OK 329-annie-faivre.title                        Annie Faivre
[31msetKeyValue(): [key=>h_av_firstname,value=>Annie,type=>FieldtypeTextLanguage](B[m
>>>  OK 329-annie-faivre.h_av_firstname               Annie
[31msetKeyValue(): [key=>h_av_lastname,value=>Faivre,type=>FieldtypeTextLanguage](B[m
>>>  OK 329-annie-faivre.h_av_lastname                Faivre
>>>  OK 329-annie-faivre.h_av_duty                    Artist
[31mcreatePage(): data=[title=>Alliances du Monde,h_aw_day0=>2021-09-11,h_aw_size=>90x90,h_aw_price=>2090,h_aw_brand=>5835,h_aw_year=>2004](B[m
[31mcreatePage(): PAGE ALREADY EXISTS selector="template=h_artwork, title=Alliances du Monde"(B[m
[31msetKeyValue(): [key=>title,value=>Alliances du Monde,type=>FieldtypePageTitleLanguage](B[m
>> Load alliances-du-monde.title                      Alliances du Monde
[31msetKeyValue(): [key=>h_aw_day0,value=>2021-09-11,type=>FieldtypeText](B[m
>>>  OK alliances-du-monde.h_aw_day0                  2021-09-11
[31msetKeyValue(): [key=>h_aw_size,value=>90x90,type=>FieldtypePage,inputfield=>InputfieldSelect,derefAsPage=>1](B[m
[31mpageName(): pageName(90x90) = 90x90(B[m
>>>  OK 90x90.90x90                                   90x90
>> Load alliances-du-monde.6188                       90x90
[31msetKeyValue(): [key=>h_aw_price,value=>2090,type=>FieldtypeText](B[m
>> Load alliances-du-monde.h_aw_price                 2090
>>>  OK alliances-du-monde.h_aw_brand                 Hermès
>>>  OK alliances-du-monde.h_aw_year                  2004
[31msetKeyValue(): [key=>h_aw_person,value=>5822,type=>FieldtypePage,inputfield=>InputfieldAsmSelect](B[m
>>>  OK alliances-du-monde.h_aw_person                Annie Faivre

======================================================================================
           Alliances du monde             Annie Faivre              2005                              !!!!!!!! Annie Faivre
>>>  OK 329-annie-faivre.h_av_duty                    Artist
[31mcreatePage(): data=[title=>Alliances du monde,h_aw_brand=>5835,h_aw_year=>2005](B[m
[31mcreatePage(): PAGE ALREADY EXISTS selector="template=h_artwork, title=Alliances du monde"(B[m
[31msetKeyValue(): [key=>title,value=>Alliances du monde,type=>FieldtypePageTitleLanguage](B[m
>> Load alliances-du-monde.title                      Alliances du monde
>>>  OK alliances-du-monde.h_aw_brand                 Hermès
[31msetKeyValue(): [key=>h_aw_year,value=>2005,type=>FieldtypeText](B[m
>> Load alliances-du-monde.h_aw_year                  2005
>>>  OK alliances-du-monde.h_aw_person                Annie Faivre

======================================================================================
[31mgetPage(): OK 1 - template=h_person, h_av_lastname~=Grygkar, h_av_firstname~=Hugo(B[m
           Armes de Paris                 Hugo Grygkar              1954/1992             П Юры   !!!!!!!! Hugo Grygkar
[31mcreatePage(): data=[title=>Hugo Grygkar,h_av_firstname=>Hugo,h_av_lastname=>Grygkar,h_av_duty=>Artist](B[m
[31mcreatePage(): PAGE ALREADY EXISTS selector="template=h_person, title=Hugo Grygkar"(B[m
[31msetKeyValue(): [key=>title,value=>Hugo Grygkar,type=>FieldtypePageTitleLanguage](B[m
>>>  OK 199-hugo-grygkar.title                        Hugo Grygkar
[31msetKeyValue(): [key=>h_av_firstname,value=>Hugo,type=>FieldtypeTextLanguage](B[m
>>>  OK 199-hugo-grygkar.h_av_firstname               Hugo
[31msetKeyValue(): [key=>h_av_lastname,value=>Grygkar,type=>FieldtypeTextLanguage](B[m
>>>  OK 199-hugo-grygkar.h_av_lastname                Grygkar
>>>  OK 199-hugo-grygkar.h_av_duty                    Artist
[31mcreatePage(): data=[title=>Armes de Paris,h_aw_more=>П Юры,h_aw_brand=>5835,h_aw_year=>1954/1992](B[m
[31mcreatePage(): PAGE ALREADY EXISTS selector="template=h_artwork, title=Armes de Paris"(B[m
[31msetKeyValue(): [key=>title,value=>Armes de Paris,type=>FieldtypePageTitleLanguage](B[m
>>>  OK armes-de-paris.title                          Armes de Paris
[31msetKeyValue(): [key=>h_aw_more,value=>П Юры,type=>FieldtypeText](B[m
>>>  OK armes-de-paris.h_aw_more                      П Юры
>>>  OK armes-de-paris.h_aw_brand                     Hermès
[31msetKeyValue(): [key=>h_aw_year,value=>1954/1992,type=>FieldtypeText](B[m
>>>  OK armes-de-paris.h_aw_year                      1954/1992
[31msetKeyValue(): [key=>h_aw_person,value=>5798,type=>FieldtypePage,inputfield=>InputfieldAsmSelect](B[m
>>>  OK armes-de-paris.h_aw_person                    Hugo Grygkar

======================================================================================
[31mgetPage(): OK 1 - template=h_person, h_av_lastname~=Ledoux, h_av_firstname~=Philippe(B[m
           Armes de chasse                Philippe Ledoux           1970/1981                         !!!!!!!! Philippe Ledoux
[31mcreatePage(): data=[title=>Philippe Ledoux,h_av_firstname=>Philippe,h_av_lastname=>Ledoux,h_av_duty=>Artist](B[m
[31mcreatePage(): PAGE ALREADY EXISTS selector="template=h_person, title=Philippe Ledoux"(B[m
[31msetKeyValue(): [key=>title,value=>Philippe Ledoux,type=>FieldtypePageTitleLanguage](B[m
>>>  OK 224-philippe-ledoux.title                     Philippe Ledoux
[31msetKeyValue(): [key=>h_av_firstname,value=>Philippe,type=>FieldtypeTextLanguage](B[m
>>>  OK 224-philippe-ledoux.h_av_firstname            Philippe
[31msetKeyValue(): [key=>h_av_lastname,value=>Ledoux,type=>FieldtypeTextLanguage](B[m
>>>  OK 224-philippe-ledoux.h_av_lastname             Ledoux
>>>  OK 224-philippe-ledoux.h_av_duty                 Artist
[31mcreatePage(): data=[title=>Armes de chasse,h_aw_brand=>5835,h_aw_year=>1970/1981](B[m
[31mcreatePage(): PAGE ALREADY EXISTS selector="template=h_artwork, title=Armes de chasse"(B[m
[31msetKeyValue(): [key=>title,value=>Armes de chasse,type=>FieldtypePageTitleLanguage](B[m
>>>  OK armes-de-chasse.title                         Armes de chasse
>>>  OK armes-de-chasse.h_aw_brand                    Hermès
[31msetKeyValue(): [key=>h_aw_year,value=>1970/1981,type=>FieldtypeText](B[m
>>>  OK armes-de-chasse.h_aw_year                     1970/1981
[31msetKeyValue(): [key=>h_aw_person,value=>5799,type=>FieldtypePage,inputfield=>InputfieldAsmSelect](B[m
>>>  OK armes-de-chasse.h_aw_person                   Philippe Ledoux

======================================================================================
2021-05-04 Art des steppes                Annie Faivre                              90x90             !!!!!!!! Annie Faivre
>>>  OK 329-annie-faivre.h_av_duty                    Artist
[31mcreatePage(): data=[title=>Art des steppes,h_aw_day0=>2021-05-04,h_aw_size=>90x90,h_aw_price=>1850,h_aw_brand=>5835](B[m
[31mpageName(): pageName(Art des steppes) = Art des steppes(B[m
[31mcreatePage(): PAGE CREATED selector:template=h_artwork, title=Art des steppes(B[m
[31msetKeyValue(): [key=>title,value=>Art des steppes,type=>FieldtypePageTitleLanguage](B[m
>> Load art-des-steppes.title                         Art des steppes
[31msetKeyValue(): [key=>h_aw_day0,value=>2021-05-04,type=>FieldtypeText](B[m
>> Load art-des-steppes.h_aw_day0                     2021-05-04
>>>  OK 90x90.90x90                                   90x90
>> Load art-des-steppes.6188                          90x90
[31msetKeyValue(): [key=>h_aw_price,value=>1850,type=>FieldtypeText](B[m
>> Load art-des-steppes.h_aw_price                    1850
>> Load art-des-steppes.5835                          Hermès
>> Load art-des-steppes.5822                          Annie Faivre

======================================================================================
[31mgetPage(): OK 1 - template=h_person, h_av_lastname~=Faconnet, h_av_firstname~=Marie-Françoise(B[m
           Astrologie nouvelle            Marie-Françoise&Cyrille Faconnet&Diatkine 2012                  ES          !!!!!!!! Marie-Françoise Faconnet
[31mcreatePage(): data=[title=>Marie-Françoise Faconnet,h_av_firstname=>Marie-Françoise,h_av_lastname=>Faconnet,h_av_duty=>Artist](B[m
[31mcreatePage(): PAGE ALREADY EXISTS selector="template=h_person, title=Marie-Françoise Faconnet"(B[m
[31msetKeyValue(): [key=>title,value=>Marie-Françoise Faconnet,type=>FieldtypePageTitleLanguage](B[m
>>>  OK marie-francoise-faconn.title                  Marie-Françoise Faconnet
[31msetKeyValue(): [key=>h_av_firstname,value=>Marie-Françoise,type=>FieldtypeTextLanguage](B[m
>>>  OK marie-francoise-faconn.h_av_firstname         Marie-Françoise
[31msetKeyValue(): [key=>h_av_lastname,value=>Faconnet,type=>FieldtypeTextLanguage](B[m
>>>  OK marie-francoise-faconn.h_av_lastname          Faconnet
>>>  OK marie-francoise-faconn.h_av_duty              Artist
[31mgetPage(): OK 1 - template=h_person, h_av_lastname~=Diatkine, h_av_firstname~=Cyrille(B[m
           Astrologie nouvelle            Marie-Françoise&Cyrille Faconnet&Diatkine 2012                  ES          !!!!!!!! Cyrille Diatkine
[31mcreatePage(): data=[title=>Cyrille Diatkine,h_av_firstname=>Cyrille,h_av_lastname=>Diatkine,h_av_duty=>Artist](B[m
[31mcreatePage(): PAGE ALREADY EXISTS selector="template=h_person, title=Cyrille Diatkine"(B[m
[31msetKeyValue(): [key=>title,value=>Cyrille Diatkine,type=>FieldtypePageTitleLanguage](B[m
>>>  OK 309-cyrille-diatkine.title                    Cyrille Diatkine
[31msetKeyValue(): [key=>h_av_firstname,value=>Cyrille,type=>FieldtypeTextLanguage](B[m
>>>  OK 309-cyrille-diatkine.h_av_firstname           Cyrille
[31msetKeyValue(): [key=>h_av_lastname,value=>Diatkine,type=>FieldtypeTextLanguage](B[m
>>>  OK 309-cyrille-diatkine.h_av_lastname            Diatkine
>>>  OK 309-cyrille-diatkine.h_av_duty                Artist
[31mcreatePage(): data=[title=>Astrologie nouvelle,h_aw_more=>ES,h_aw_brand=>5835,h_aw_year=>2012](B[m
[31mcreatePage(): PAGE ALREADY EXISTS selector="template=h_artwork, title=Astrologie nouvelle"(B[m
[31msetKeyValue(): [key=>title,value=>Astrologie nouvelle,type=>FieldtypePageTitleLanguage](B[m
>>>  OK astrologie-nouvelle.title                     Astrologie nouvelle
[31msetKeyValue(): [key=>h_aw_more,value=>ES,type=>FieldtypeText](B[m
>>>  OK astrologie-nouvelle.h_aw_more                 ES
>>>  OK astrologie-nouvelle.h_aw_brand                Hermès
[31msetKeyValue(): [key=>h_aw_year,value=>2012,type=>FieldtypeText](B[m
>>>  OK astrologie-nouvelle.h_aw_year                 2012
[31msetKeyValue(): [key=>h_aw_person,value=>5967,type=>FieldtypePage,inputfield=>InputfieldAsmSelect](B[m
>>>  OK astrologie-nouvelle.h_aw_person               Marie-Françoise Faconnet
>> Load astrologie-nouvelle.5804|5967                 Marie-Françoise Faconnet
[31msetKeyValue(): [key=>h_aw_person,value=>5804,type=>FieldtypePage,inputfield=>InputfieldAsmSelect](B[m
>>>  OK astrologie-nouvelle.h_aw_person               Cyrille Diatkine
>> Load astrologie-nouvelle.5967|5804                 Cyrille Diatkine

======================================================================================
2004-03    Avenue des acacias             Philippe Ledoux           1964                              !!!!!!!! Philippe Ledoux
>>>  OK 224-philippe-ledoux.h_av_duty                 Artist
[31mcreatePage(): data=[title=>Avenue des acacias,h_aw_day0=>2004-03,h_aw_brand=>5835,h_aw_year=>1964](B[m
[31mcreatePage(): PAGE ALREADY EXISTS selector="template=h_artwork, title=Avenue des acacias"(B[m
[31msetKeyValue(): [key=>title,value=>Avenue des acacias,type=>FieldtypePageTitleLanguage](B[m
>>>  OK avenue-des-acacias.title                      Avenue des acacias
[31msetKeyValue(): [key=>h_aw_day0,value=>2004-03,type=>FieldtypeText](B[m
>> Load avenue-des-acacias.h_aw_day0                  2004-03
>>>  OK avenue-des-acacias.h_aw_brand                 Hermès
[31msetKeyValue(): [key=>h_aw_year,value=>1964,type=>FieldtypeText](B[m
>>>  OK avenue-des-acacias.h_aw_year                  1964
>>>  OK avenue-des-acacias.h_aw_person                Philippe Ledoux

======================================================================================
[31mgetPage(): OK 1 - template=h_person, h_av_lastname~=Baschet, h_av_firstname~=Catherine(B[m
           Azuejos                        Catherine Baschet         1992                              !!!!!!!! Catherine Baschet
[31mcreatePage(): data=[title=>Catherine Baschet,h_av_firstname=>Catherine,h_av_lastname=>Baschet,h_av_duty=>Artist](B[m
[31mcreatePage(): PAGE ALREADY EXISTS selector="template=h_person, title=Catherine Baschet"(B[m
[31msetKeyValue(): [key=>title,value=>Catherine Baschet,type=>FieldtypePageTitleLanguage](B[m
>>>  OK 322-catherine-baschet.title                   Catherine Baschet
[31msetKeyValue(): [key=>h_av_firstname,value=>Catherine,type=>FieldtypeTextLanguage](B[m
>>>  OK 322-catherine-baschet.h_av_firstname          Catherine
[31msetKeyValue(): [key=>h_av_lastname,value=>Baschet,type=>FieldtypeTextLanguage](B[m
>>>  OK 322-catherine-baschet.h_av_lastname           Baschet
>>>  OK 322-catherine-baschet.h_av_duty               Artist
[31mcreatePage(): data=[title=>Azuejos,h_aw_brand=>5835,h_aw_year=>1992](B[m
[31mcreatePage(): PAGE ALREADY EXISTS selector="template=h_artwork, title=Azuejos"(B[m
[31msetKeyValue(): [key=>title,value=>Azuejos,type=>FieldtypePageTitleLanguage](B[m
>>>  OK azuejos.title                                 Azuejos
>>>  OK azuejos.h_aw_brand                            Hermès
[31msetKeyValue(): [key=>h_aw_year,value=>1992,type=>FieldtypeText](B[m
>>>  OK azuejos.h_aw_year                             1992
[31msetKeyValue(): [key=>h_aw_person,value=>5815,type=>FieldtypePage,inputfield=>InputfieldAsmSelect](B[m
>>>  OK azuejos.h_aw_person                           Catherine Baschet

======================================================================================
[31mgetPage(): OK 1 - template=h_person, h_av_lastname~=Latham, h_av_firstname~=Caty(B[m
2022-15    Bolduc au carre                Caty Latham               2007/2020                         !!!!!!!! Caty Latham
[31mcreatePage(): data=[title=>Caty Latham,h_av_firstname=>Caty,h_av_lastname=>Latham,h_av_duty=>Artist](B[m
[31mcreatePage(): PAGE ALREADY EXISTS selector="template=h_person, title=Caty Latham"(B[m
[31msetKeyValue(): [key=>title,value=>Caty Latham,type=>FieldtypePageTitleLanguage](B[m
>>>  OK 168-cathy-latham-audib.title                  Caty Latham
[31msetKeyValue(): [key=>h_av_firstname,value=>Caty,type=>FieldtypeTextLanguage](B[m
>>>  OK 168-cathy-latham-audib.h_av_firstname         Caty
[31msetKeyValue(): [key=>h_av_lastname,value=>Latham,type=>FieldtypeTextLanguage](B[m
>>>  OK 168-cathy-latham-audib.h_av_lastname          Latham
>>>  OK 168-cathy-latham-audib.h_av_duty              Artist
[31mcreatePage(): data=[title=>Bolduc au carre,h_aw_day0=>2022-15,h_aw_brand=>5835,h_aw_year=>2007/2020](B[m
[31mcreatePage(): PAGE ALREADY EXISTS selector="template=h_artwork, title=Bolduc au carre"(B[m
[31msetKeyValue(): [key=>title,value=>Bolduc au carre,type=>FieldtypePageTitleLanguage](B[m
>>>  OK bolduc-au-carre.title                         Bolduc au carre
[31msetKeyValue(): [key=>h_aw_day0,value=>2022-15,type=>FieldtypeText](B[m
>>>  OK bolduc-au-carre.h_aw_day0                     2022-15
>>>  OK bolduc-au-carre.h_aw_brand                    Hermès
[31msetKeyValue(): [key=>h_aw_year,value=>2007/2020,type=>FieldtypeText](B[m
>>>  OK bolduc-au-carre.h_aw_year                     2007/2020
[31msetKeyValue(): [key=>h_aw_person,value=>5793,type=>FieldtypePage,inputfield=>InputfieldAsmSelect](B[m
>>>  OK bolduc-au-carre.h_aw_person                   Caty Latham

======================================================================================
2024-06-01 Bracelets De Lumiere           Annie Faivre              2018            90x90             !!!!!!!! Annie Faivre
>>>  OK 329-annie-faivre.h_av_duty                    Artist
[31mcreatePage(): data=[title=>Bracelets De Lumiere,h_aw_day0=>2024-06-01,h_aw_size=>90x90,h_aw_price=>1970,h_aw_brand=>5835,h_aw_year=>2018](B[m
[31mpageName(): pageName(Bracelets De Lumiere) = Bracelets De Lumiere(B[m
[31mcreatePage(): PAGE CREATED selector:template=h_artwork, title=Bracelets De Lumiere(B[m
[31msetKeyValue(): [key=>title,value=>Bracelets De Lumiere,type=>FieldtypePageTitleLanguage](B[m
>> Load bracelets-de-lumiere.title                    Bracelets De Lumiere
[31msetKeyValue(): [key=>h_aw_day0,value=>2024-06-01,type=>FieldtypeText](B[m
>> Load bracelets-de-lumiere.h_aw_day0                2024-06-01
>>>  OK 90x90.90x90                                   90x90
>> Load bracelets-de-lumiere.6188                     90x90
[31msetKeyValue(): [key=>h_aw_price,value=>1970,type=>FieldtypeText](B[m
>> Load bracelets-de-lumiere.h_aw_price               1970
>> Load bracelets-de-lumiere.5835                     Hermès
[31msetKeyValue(): [key=>h_aw_year,value=>2018,type=>FieldtypeText](B[m
>> Load bracelets-de-lumiere.h_aw_year                2018
>> Load bracelets-de-lumiere.5822                     Annie Faivre

======================================================================================
2024-06-01 Braselets de Lumiere           Annie Faivre              2018                              !!!!!!!! Annie Faivre
>>>  OK 329-annie-faivre.h_av_duty                    Artist
[31mcreatePage(): data=[title=>Braselets de Lumiere,h_aw_day0=>2024-06-01,h_aw_brand=>5835,h_aw_year=>2018](B[m
[31mcreatePage(): PAGE ALREADY EXISTS selector="template=h_artwork, title=Braselets de Lumiere"(B[m
[31msetKeyValue(): [key=>title,value=>Braselets de Lumiere,type=>FieldtypePageTitleLanguage](B[m
>>>  OK braselets-de-lumiere.title                    Braselets de Lumiere
>> Load braselets-de-lumiere.h_aw_day0                2024-06-01
>>>  OK braselets-de-lumiere.h_aw_brand               Hermès
>>>  OK braselets-de-lumiere.h_aw_year                2018
>>>  OK braselets-de-lumiere.h_aw_person              Annie Faivre

======================================================================================
[31mgetPage(): OK 1 - template=h_person, h_av_lastname~=Bourthoumieux, h_av_firstname~=Laurence(B[m
2024-11-07 Brazil II                      Laurence Bourthoumieux    2015                              !!!!!!!! Laurence Bourthoumieux
[31mcreatePage(): data=[title=>Laurence Bourthoumieux,h_av_firstname=>Laurence,h_av_lastname=>Bourthoumieux,h_av_duty=>Artist](B[m
[31mcreatePage(): PAGE ALREADY EXISTS selector="template=h_person, title=Laurence Bourthoumieux"(B[m
[31msetKeyValue(): [key=>title,value=>Laurence Bourthoumieux,type=>FieldtypePageTitleLanguage](B[m
>>>  OK 323-laurence-bourthoum.title                  Laurence Bourthoumieux
[31msetKeyValue(): [key=>h_av_firstname,value=>Laurence,type=>FieldtypeTextLanguage](B[m
>>>  OK 323-laurence-bourthoum.h_av_firstname         Laurence
[31msetKeyValue(): [key=>h_av_lastname,value=>Bourthoumieux,type=>FieldtypeTextLanguage](B[m
>>>  OK 323-laurence-bourthoum.h_av_lastname          Bourthoumieux
>>>  OK 323-laurence-bourthoum.h_av_duty              Artist
[31mcreatePage(): data=[title=>Brazil II,h_aw_day0=>2024-11-07,h_aw_brand=>5835,h_aw_year=>2015](B[m
[31mcreatePage(): PAGE ALREADY EXISTS selector="template=h_artwork, title=Brazil II"(B[m
[31msetKeyValue(): [key=>title,value=>Brazil II,type=>FieldtypePageTitleLanguage](B[m
>>>  OK brazil-ii.title                               Brazil II
[31msetKeyValue(): [key=>h_aw_day0,value=>2024-11-07,type=>FieldtypeText](B[m
>> Load brazil-ii.h_aw_day0                           2024-11-07
>>>  OK brazil-ii.h_aw_brand                          Hermès
[31msetKeyValue(): [key=>h_aw_year,value=>2015,type=>FieldtypeText](B[m
>>>  OK brazil-ii.h_aw_year                           2015
[31msetKeyValue(): [key=>h_aw_person,value=>5816,type=>FieldtypePage,inputfield=>InputfieldAsmSelect](B[m
>>>  OK brazil-ii.h_aw_person                         Laurence Bourthoumieux

======================================================================================
2024-11-09 Brazil II                      Laurence Bourthoumieux    2015            66x70             !!!!!!!! Laurence Bourthoumieux
>>>  OK 323-laurence-bourthoum.h_av_duty              Artist
[31mcreatePage(): data=[title=>Brazil II,h_aw_day0=>2024-11-09,h_aw_size=>66x70,h_aw_price=>1730,h_aw_brand=>5835,h_aw_year=>2015](B[m
[31msetKeyValue(): [key=>h_aw_day0,value=>2024-11-09,type=>FieldtypeText](B[m
>> Load brazil-ii.h_aw_day0                           2024-11-09
[31msetKeyValue(): [key=>h_aw_size,value=>66x70,type=>FieldtypePage,inputfield=>InputfieldSelect,derefAsPage=>1](B[m
>>>  OK brazil-ii.h_aw_size                           66x70
[31msetKeyValue(): [key=>h_aw_price,value=>1730,type=>FieldtypeText](B[m
>> Load brazil-ii.h_aw_price                          1730
>>>  OK brazil-ii.h_aw_brand                          Hermès
>>>  OK brazil-ii.h_aw_person                         Laurence Bourthoumieux

======================================================================================
2008-03-06 Brazil                         Laurence Bourthoumieux    1988/1991             2           !!!!!!!! Laurence Bourthoumieux
>>>  OK 323-laurence-bourthoum.h_av_duty              Artist
[31mcreatePage(): data=[title=>Brazil,h_aw_day0=>2008-03-06,h_aw_more=>2,h_aw_brand=>5835,h_aw_year=>1988/1991](B[m
[31mcreatePage(): PAGE ALREADY EXISTS selector="template=h_artwork, title=Brazil"(B[m
[31msetKeyValue(): [key=>title,value=>Brazil,type=>FieldtypePageTitleLanguage](B[m
>>>  OK brazil.title                                  Brazil
[31msetKeyValue(): [key=>h_aw_day0,value=>2008-03-06,type=>FieldtypeText](B[m
>> Load brazil.h_aw_day0                              2008-03-06
[31msetKeyValue(): [key=>h_aw_more,value=>2,type=>FieldtypeText](B[m
>> Load brazil.h_aw_more                              2
>>>  OK brazil.h_aw_brand                             Hermès
[31msetKeyValue(): [key=>h_aw_year,value=>1988/1991,type=>FieldtypeText](B[m
>>>  OK brazil.h_aw_year                              1988/1991
>>>  OK brazil.h_aw_person                            Laurence Bourthoumieux

======================================================================================
[31mgetPage(): OK 1 - template=h_person, h_av_lastname~=de La Perrière, h_av_firstname~=Françoise(B[m
           Bride de cour                  Françoise de La Perrière 1970/1987                         !!!!!!!! Françoise de La Perrière
[31mcreatePage(): data=[title=>Françoise de La Perrière,h_av_firstname=>Françoise,h_av_lastname=>de La Perrière,h_av_duty=>Artist](B[m
[31mcreatePage(): PAGE ALREADY EXISTS selector="template=h_person, title=Françoise de La Perrière"(B[m
[31msetKeyValue(): [key=>title,value=>Françoise de La Perrière,type=>FieldtypePageTitleLanguage](B[m
>>>  OK 282-franoise-de-la-per.title                  Françoise de La Perrière
[31msetKeyValue(): [key=>h_av_firstname,value=>Françoise,type=>FieldtypeTextLanguage](B[m
>>>  OK 282-franoise-de-la-per.h_av_firstname         Françoise
[31msetKeyValue(): [key=>h_av_lastname,value=>de La Perrière,type=>FieldtypeTextLanguage](B[m
>>>  OK 282-franoise-de-la-per.h_av_lastname          de La Perrière
>>>  OK 282-franoise-de-la-per.h_av_duty              Artist
[31mcreatePage(): data=[title=>Bride de cour,h_aw_brand=>5835,h_aw_year=>1970/1987](B[m
[31mcreatePage(): PAGE ALREADY EXISTS selector="template=h_artwork, title=Bride de cour"(B[m
[31msetKeyValue(): [key=>title,value=>Bride de cour,type=>FieldtypePageTitleLanguage](B[m
>>>  OK bride-de-cour.title                           Bride de cour
>>>  OK bride-de-cour.h_aw_brand                      Hermès
[31msetKeyValue(): [key=>h_aw_year,value=>1970/1987,type=>FieldtypeText](B[m
>>>  OK bride-de-cour.h_aw_year                       1970/1987
[31msetKeyValue(): [key=>h_aw_person,value=>5802,type=>FieldtypePage,inputfield=>InputfieldAsmSelect](B[m
>>>  OK bride-de-cour.h_aw_person                     Françoise de La Perrière

======================================================================================
           Brides de Gala                 Hugo Grygkar              1957/1967/2009                    !!!!!!!! Hugo Grygkar
>>>  OK 199-hugo-grygkar.h_av_duty                    Artist
[31mcreatePage(): data=[title=>Brides de Gala,h_aw_brand=>5835,h_aw_year=>1957/1967/2009](B[m
[31mcreatePage(): PAGE ALREADY EXISTS selector="template=h_artwork, title=Brides de Gala"(B[m
[31msetKeyValue(): [key=>title,value=>Brides de Gala,type=>FieldtypePageTitleLanguage](B[m
>>>  OK 284-brides-de-gala.title                      Brides de Gala
>>>  OK 284-brides-de-gala.h_aw_brand                 Hermès
[31msetKeyValue(): [key=>h_aw_year,value=>1957/1967/2009,type=>FieldtypeText](B[m
>>>  OK 284-brides-de-gala.h_aw_year                  1957/1967/2009
>>>  OK 284-brides-de-gala.h_aw_person                Hugo Grygkar

======================================================================================
[31mgetPage(): OK 1 - template=h_person, h_av_lastname~=Metz, h_av_firstname~=Joachim(B[m
2010-02-02 Carpe Diem                     Joachim Metz              1994                              !!!!!!!! Joachim Metz
[31mcreatePage(): data=[title=>Joachim Metz,h_av_firstname=>Joachim,h_av_lastname=>Metz,h_av_duty=>Artist](B[m
[31mcreatePage(): PAGE ALREADY EXISTS selector="template=h_person, title=Joachim Metz"(B[m
[31msetKeyValue(): [key=>title,value=>Joachim Metz,type=>FieldtypePageTitleLanguage](B[m
>>>  OK 316-joachim-metz.title                        Joachim Metz
[31msetKeyValue(): [key=>h_av_firstname,value=>Joachim,type=>FieldtypeTextLanguage](B[m
>>>  OK 316-joachim-metz.h_av_firstname               Joachim
[31msetKeyValue(): [key=>h_av_lastname,value=>Metz,type=>FieldtypeTextLanguage](B[m
>>>  OK 316-joachim-metz.h_av_lastname                Metz
>>>  OK 316-joachim-metz.h_av_duty                    Artist
[31mcreatePage(): data=[title=>Carpe Diem,h_aw_day0=>2010-02-02,h_aw_brand=>5835,h_aw_year=>1994](B[m
[31mcreatePage(): PAGE ALREADY EXISTS selector="template=h_artwork, title=Carpe Diem"(B[m
[31msetKeyValue(): [key=>title,value=>Carpe Diem,type=>FieldtypePageTitleLanguage](B[m
>>>  OK carpe-diem.title                              Carpe Diem
[31msetKeyValue(): [key=>h_aw_day0,value=>2010-02-02,type=>FieldtypeText](B[m
>>>  OK carpe-diem.h_aw_day0                          2010-02-02
>>>  OK carpe-diem.h_aw_brand                         Hermès
[31msetKeyValue(): [key=>h_aw_year,value=>1994,type=>FieldtypeText](B[m
>>>  OK carpe-diem.h_aw_year                          1994
[31msetKeyValue(): [key=>h_aw_person,value=>5809,type=>FieldtypePage,inputfield=>InputfieldAsmSelect](B[m
>>>  OK carpe-diem.h_aw_person                        Joachim Metz

======================================================================================
2025-01-07 Casques et Plumets             Julie Abadie                                                !!!!!!!! Julie Abadie
>>>  OK 313-julia-abadie.h_av_duty                    Artist
[31mcreatePage(): data=[title=>Casques et Plumets,h_aw_day0=>2025-01-07,h_aw_price=>1800,h_aw_brand=>5835](B[m
[31mcreatePage(): PAGE ALREADY EXISTS selector="template=h_artwork, title=Casques et Plumets"(B[m
[31msetKeyValue(): [key=>title,value=>Casques et Plumets,type=>FieldtypePageTitleLanguage](B[m
>>>  OK casques-et-plumets.title                      Casques et Plumets
[31msetKeyValue(): [key=>h_aw_day0,value=>2025-01-07,type=>FieldtypeText](B[m
>> Load casques-et-plumets.h_aw_day0                  2025-01-07
[31msetKeyValue(): [key=>h_aw_price,value=>1800,type=>FieldtypeText](B[m
>> Load casques-et-plumets.h_aw_price                 1800
>>>  OK casques-et-plumets.h_aw_brand                 Hermès
>>>  OK casques-et-plumets.h_aw_person                Julie Abadie

======================================================================================
2025-01-07 Casques et Plumets             Julie Abadie              1989                              !!!!!!!! Julie Abadie
>>>  OK 313-julia-abadie.h_av_duty                    Artist
[31mcreatePage(): data=[title=>Casques et Plumets,h_aw_day0=>2025-01-07,h_aw_brand=>5835,h_aw_year=>1989](B[m
>>>  OK casques-et-plumets.h_aw_day0                  2025-01-07
>>>  OK casques-et-plumets.h_aw_brand                 Hermès
[31msetKeyValue(): [key=>h_aw_year,value=>1989,type=>FieldtypeText](B[m
>>>  OK casques-et-plumets.h_aw_year                  1989
>>>  OK casques-et-plumets.h_aw_person                Julie Abadie

======================================================================================
[31mgetPage(): OK 1 - template=h_person, h_av_lastname~=de Jacquelot, h_av_firstname~=Antoine(B[m
           Casse-noisette                 Antoine de Jacquelot      1997                              !!!!!!!! Antoine de Jacquelot
[31mcreatePage(): data=[title=>Antoine de Jacquelot,h_av_firstname=>Antoine,h_av_lastname=>de Jacquelot,h_av_duty=>Artist](B[m
[31mcreatePage(): PAGE ALREADY EXISTS selector="template=h_person, title=Antoine de Jacquelot"(B[m
[31msetKeyValue(): [key=>title,value=>Antoine de Jacquelot,type=>FieldtypePageTitleLanguage](B[m
>>>  OK 324-antoine-de-jacquel.title                  Antoine de Jacquelot
[31msetKeyValue(): [key=>h_av_firstname,value=>Antoine,type=>FieldtypeTextLanguage](B[m
>>>  OK 324-antoine-de-jacquel.h_av_firstname         Antoine
[31msetKeyValue(): [key=>h_av_lastname,value=>de Jacquelot,type=>FieldtypeTextLanguage](B[m
>>>  OK 324-antoine-de-jacquel.h_av_lastname          de Jacquelot
>>>  OK 324-antoine-de-jacquel.h_av_duty              Artist
[31mcreatePage(): data=[title=>Casse-noisette,h_aw_brand=>5835,h_aw_year=>1997](B[m
[31mcreatePage(): PAGE ALREADY EXISTS selector="template=h_artwork, title=Casse-noisette"(B[m
[31msetKeyValue(): [key=>title,value=>Casse-noisette,type=>FieldtypePageTitleLanguage](B[m
>>>  OK casse-noisette.title                          Casse-noisette
>>>  OK casse-noisette.h_aw_brand                     Hermès
>>>  OK casse-noisette.h_aw_year                      1997
[31msetKeyValue(): [key=>h_aw_person,value=>5817,type=>FieldtypePage,inputfield=>InputfieldAsmSelect](B[m
>>>  OK casse-noisette.h_aw_person                    Antoine de Jacquelot

======================================================================================
[31mgetPage(): OK 1 - template=h_person, h_av_lastname~=d'Origny, h_av_firstname~=Henri(B[m
           Cavalcadour                    Henri d'Origny            1982/1992/2012        2           !!!!!!!! Henri d'Origny
[31mcreatePage(): data=[title=>Henri d'Origny,h_av_firstname=>Henri,h_av_lastname=>d'Origny,h_av_duty=>Artist](B[m
[31mcreatePage(): PAGE ALREADY EXISTS selector="template=h_person, title="Henri d'Origny""(B[m
[31msetKeyValue(): [key=>title,value=>Henri d'Origny,type=>FieldtypePageTitleLanguage](B[m
>>>  OK 314-henri-dorigny.title                       Henri d'Origny
[31msetKeyValue(): [key=>h_av_firstname,value=>Henri,type=>FieldtypeTextLanguage](B[m
>>>  OK 314-henri-dorigny.h_av_firstname              Henri
[31msetKeyValue(): [key=>h_av_lastname,value=>d'Origny,type=>FieldtypeTextLanguage](B[m
>>>  OK 314-henri-dorigny.h_av_lastname               d'Origny
>>>  OK 314-henri-dorigny.h_av_duty                   Artist
[31mcreatePage(): data=[title=>Cavalcadour,h_aw_more=>2,h_aw_brand=>5835,h_aw_year=>1982/1992/2012](B[m
[31mcreatePage(): PAGE ALREADY EXISTS selector="template=h_artwork, title=Cavalcadour"(B[m
[31msetKeyValue(): [key=>title,value=>Cavalcadour,type=>FieldtypePageTitleLanguage](B[m
>>>  OK cavalcadur.title                              Cavalcadour
>>>  OK cavalcadur.h_aw_more                          2
>>>  OK cavalcadur.h_aw_brand                         Hermès
[31msetKeyValue(): [key=>h_aw_year,value=>1982/1992/2012,type=>FieldtypeText](B[m
>>>  OK cavalcadur.h_aw_year                          1982/1992/2012
[31msetKeyValue(): [key=>h_aw_person,value=>5807,type=>FieldtypePage,inputfield=>InputfieldAsmSelect](B[m
>>>  OK cavalcadur.h_aw_person                        Henri d'Origny

======================================================================================
           Cavalcadour                    Henri d'Origny            1982/1992/2012        МaxTwilly  !!!!!!!! Henri d'Origny
>>>  OK 314-henri-dorigny.h_av_duty                   Artist
[31mcreatePage(): data=[title=>Cavalcadour,h_aw_more=>МaxTwilly,h_aw_brand=>5835,h_aw_year=>1982/1992/2012](B[m
[31msetKeyValue(): [key=>h_aw_more,value=>МaxTwilly,type=>FieldtypeText](B[m
>> Load cavalcadur.h_aw_more                          МaxTwilly
>>>  OK cavalcadur.h_aw_brand                         Hermès
>>>  OK cavalcadur.h_aw_person                        Henri d'Origny

======================================================================================
[31mgetPage(): OK 1 - template=h_person, h_av_lastname~=Fougerolle, h_av_firstname~=Jean(B[m
2009-11-09 Cavaliers peuls                Jean Fougerolle           1993                              !!!!!!!! Jean de Fougerolle
[31mcreatePage(): data=[title=>Jean Fougerolle,h_av_firstname=>Jean,h_av_lastname=>Fougerolle,h_av_duty=>Artist](B[m
[31mcreatePage(): PAGE ALREADY EXISTS selector="template=h_person, title=Jean Fougerolle"(B[m
[31msetKeyValue(): [key=>title,value=>Jean Fougerolle,type=>FieldtypePageTitleLanguage](B[m
>>>  OK jean-fougerolle.title                         Jean Fougerolle
[31msetKeyValue(): [key=>h_av_firstname,value=>Jean,type=>FieldtypeTextLanguage](B[m
>>>  OK jean-fougerolle.h_av_firstname                Jean
[31msetKeyValue(): [key=>h_av_lastname,value=>Fougerolle,type=>FieldtypeTextLanguage](B[m
>>>  OK jean-fougerolle.h_av_lastname                 Fougerolle
>>>  OK jean-fougerolle.h_av_duty                     Artist
[31mcreatePage(): data=[title=>Cavaliers peuls,h_aw_day0=>2009-11-09,h_aw_brand=>5835,h_aw_year=>1993](B[m
[31mcreatePage(): PAGE ALREADY EXISTS selector="template=h_artwork, title=Cavaliers peuls"(B[m
[31msetKeyValue(): [key=>title,value=>Cavaliers peuls,type=>FieldtypePageTitleLanguage](B[m
>>>  OK cavaliers-peuls.title                         Cavaliers peuls
[31msetKeyValue(): [key=>h_aw_day0,value=>2009-11-09,type=>FieldtypeText](B[m
>>>  OK cavaliers-peuls.h_aw_day0                     2009-11-09
>>>  OK cavaliers-peuls.h_aw_brand                    Hermès
>>>  OK cavaliers-peuls.h_aw_year                     1993
[31msetKeyValue(): [key=>h_aw_person,value=>6173,type=>FieldtypePage,inputfield=>InputfieldAsmSelect](B[m
>> Load cavaliers-peuls.5805|6173                     Jean Fougerolle

======================================================================================
           Charreada                      Jean Fougerolle           1993                              !!!!!!!! Jean de Fougerolle
>>>  OK jean-fougerolle.h_av_duty                     Artist
[31mcreatePage(): data=[title=>Charreada,h_aw_brand=>5835,h_aw_year=>1993](B[m
[31mcreatePage(): PAGE ALREADY EXISTS selector="template=h_artwork, title=Charreada"(B[m
[31msetKeyValue(): [key=>title,value=>Charreada,type=>FieldtypePageTitleLanguage](B[m
>>>  OK charreada.title                               Charreada
>>>  OK charreada.h_aw_brand                          Hermès
>>>  OK charreada.h_aw_year                           1993
>> Load charreada.5805|6173                           Jean Fougerolle

======================================================================================
[31mgetPage(): OK 1 - template=h_person, h_av_lastname~=Vauzelles, h_av_firstname~=Christiane(B[m
2003-05-04 Cheval Turc                    Christiane Vauzelles      2003                  П М+A     !!!!!!!! Christiane Vauzelles
[31mcreatePage(): data=[title=>Christiane Vauzelles,h_av_firstname=>Christiane,h_av_lastname=>Vauzelles,h_av_duty=>Artist](B[m
[31mcreatePage(): PAGE ALREADY EXISTS selector="template=h_person, title=Christiane Vauzelles"(B[m
[31msetKeyValue(): [key=>title,value=>Christiane Vauzelles,type=>FieldtypePageTitleLanguage](B[m
>>>  OK 167-christiane-vauzell.title                  Christiane Vauzelles
[31msetKeyValue(): [key=>h_av_firstname,value=>Christiane,type=>FieldtypeTextLanguage](B[m
>>>  OK 167-christiane-vauzell.h_av_firstname         Christiane
[31msetKeyValue(): [key=>h_av_lastname,value=>Vauzelles,type=>FieldtypeTextLanguage](B[m
>>>  OK 167-christiane-vauzell.h_av_lastname          Vauzelles
>>>  OK 167-christiane-vauzell.h_av_duty              Artist
[31mcreatePage(): data=[title=>Cheval Turc,h_aw_day0=>2003-05-04,h_aw_more=>П М+A,h_aw_brand=>5835,h_aw_year=>2003](B[m
[31mcreatePage(): PAGE ALREADY EXISTS selector="template=h_artwork, title=Cheval Turc"(B[m
[31msetKeyValue(): [key=>title,value=>Cheval Turc,type=>FieldtypePageTitleLanguage](B[m
>>>  OK 169-cheval-turc.title                         Cheval Turc
[31msetKeyValue(): [key=>h_aw_day0,value=>2003-05-04,type=>FieldtypeText](B[m
>>>  OK 169-cheval-turc.h_aw_day0                     2003-05-04
[31msetKeyValue(): [key=>h_aw_more,value=>П М+A,type=>FieldtypeText](B[m
>>>  OK 169-cheval-turc.h_aw_more                     П М+A
>>>  OK 169-cheval-turc.h_aw_brand                    Hermès
[31msetKeyValue(): [key=>h_aw_year,value=>2003,type=>FieldtypeText](B[m
>>>  OK 169-cheval-turc.h_aw_year                     2003
[31msetKeyValue(): [key=>h_aw_person,value=>5792,type=>FieldtypePage,inputfield=>InputfieldAsmSelect](B[m
>>>  OK 169-cheval-turc.h_aw_person                   Christiane Vauzelles

======================================================================================
[31mgetPage(): OK 1 - template=h_person, h_av_lastname~=Rybaltchenko, h_av_firstname~=Dimitri(B[m
2023-04-06 Cheval de Caractere            Dimitri Rybaltchenko      2007                              !!!!!!!! Dimitri Rybaltchenko
[31mcreatePage(): data=[title=>Dimitri Rybaltchenko,h_av_firstname=>Dimitri,h_av_lastname=>Rybaltchenko,h_av_duty=>Artist](B[m
[31mcreatePage(): PAGE ALREADY EXISTS selector="template=h_person, title=Dimitri Rybaltchenko"(B[m
[31msetKeyValue(): [key=>title,value=>Dimitri Rybaltchenko,type=>FieldtypePageTitleLanguage](B[m
>>>  OK 186-dimitri-rybaltchen.title                  Dimitri Rybaltchenko
[31msetKeyValue(): [key=>h_av_firstname,value=>Dimitri,type=>FieldtypeTextLanguage](B[m
>>>  OK 186-dimitri-rybaltchen.h_av_firstname         Dimitri
[31msetKeyValue(): [key=>h_av_lastname,value=>Rybaltchenko,type=>FieldtypeTextLanguage](B[m
>>>  OK 186-dimitri-rybaltchen.h_av_lastname          Rybaltchenko
>>>  OK 186-dimitri-rybaltchen.h_av_duty              Artist
[31mcreatePage(): data=[title=>Cheval de Caractere,h_aw_day0=>2023-04-06,h_aw_brand=>5835,h_aw_year=>2007](B[m
[31mcreatePage(): PAGE ALREADY EXISTS selector="template=h_artwork, title=Cheval de Caractere"(B[m
[31msetKeyValue(): [key=>title,value=>Cheval de Caractere,type=>FieldtypePageTitleLanguage](B[m
>>>  OK cheval-de-caractaire.title                    Cheval de Caractere
[31msetKeyValue(): [key=>h_aw_day0,value=>2023-04-06,type=>FieldtypeText](B[m
>>>  OK cheval-de-caractaire.h_aw_day0                2023-04-06
>>>  OK cheval-de-caractaire.h_aw_brand               Hermès
[31msetKeyValue(): [key=>h_aw_year,value=>2007,type=>FieldtypeText](B[m
>>>  OK cheval-de-caractaire.h_aw_year                2007
[31msetKeyValue(): [key=>h_aw_person,value=>5795,type=>FieldtypePage,inputfield=>InputfieldAsmSelect](B[m
>>>  OK cheval-de-caractaire.h_aw_person              Dimitri Rybaltchenko

======================================================================================
2023-04-11 Cheval de Caractere            Dimitri Rybaltchenko      2007/2009       90x90             !!!!!!!! Dimitri Rybaltchenko
>>>  OK 186-dimitri-rybaltchen.h_av_duty              Artist
[31mcreatePage(): data=[title=>Cheval de Caractere,h_aw_day0=>2023-04-11,h_aw_size=>90x90,h_aw_price=>2450,h_aw_brand=>5835,h_aw_year=>2007/2009](B[m
[31msetKeyValue(): [key=>h_aw_day0,value=>2023-04-11,type=>FieldtypeText](B[m
>> Load cheval-de-caractaire.h_aw_day0                2023-04-11
>>>  OK 90x90.90x90                                   90x90
>> Load cheval-de-caractaire.6188                     90x90
[31msetKeyValue(): [key=>h_aw_price,value=>2450,type=>FieldtypeText](B[m
>> Load cheval-de-caractaire.h_aw_price               2450
>>>  OK cheval-de-caractaire.h_aw_brand               Hermès
[31msetKeyValue(): [key=>h_aw_year,value=>2007/2009,type=>FieldtypeText](B[m
>> Load cheval-de-caractaire.h_aw_year                2007/2009
>>>  OK cheval-de-caractaire.h_aw_person              Dimitri Rybaltchenko

======================================================================================
[31mgetPage(): OK 1 - template=h_person, h_av_lastname~=Hallo, h_av_firstname~=Charles-Jean(B[m
2023-06    Chiens et Valets               Charles-Jean Hallo        1965                              !!!!!!!! Charles-Jean Hallo
[31mcreatePage(): data=[title=>Charles-Jean Hallo,h_av_firstname=>Charles-Jean,h_av_lastname=>Hallo,h_av_duty=>Artist](B[m
[31mcreatePage(): PAGE ALREADY EXISTS selector="template=h_person, title=Charles-Jean Hallo"(B[m
[31msetKeyValue(): [key=>title,value=>Charles-Jean Hallo,type=>FieldtypePageTitleLanguage](B[m
>>>  OK charles-jean-hallo.title                      Charles-Jean Hallo
[31msetKeyValue(): [key=>h_av_firstname,value=>Charles-Jean,type=>FieldtypeTextLanguage](B[m
>>>  OK charles-jean-hallo.h_av_firstname             Charles-Jean
[31msetKeyValue(): [key=>h_av_lastname,value=>Hallo,type=>FieldtypeTextLanguage](B[m
>>>  OK charles-jean-hallo.h_av_lastname              Hallo
>>>  OK charles-jean-hallo.h_av_duty                  Artist
[31mcreatePage(): data=[title=>Chiens et Valets,h_aw_day0=>2023-06,h_aw_brand=>5835,h_aw_year=>1965](B[m
[31mcreatePage(): PAGE ALREADY EXISTS selector="template=h_artwork, title=Chiens et Valets"(B[m
[31msetKeyValue(): [key=>title,value=>Chiens et Valets,type=>FieldtypePageTitleLanguage](B[m
>>>  OK chiens-et-valets.title                        Chiens et Valets
[31msetKeyValue(): [key=>h_aw_day0,value=>2023-06,type=>FieldtypeText](B[m
>>>  OK chiens-et-valets.h_aw_day0                    2023-06
>>>  OK chiens-et-valets.h_aw_brand                   Hermès
[31msetKeyValue(): [key=>h_aw_year,value=>1965,type=>FieldtypeText](B[m
>>>  OK chiens-et-valets.h_aw_year                    1965
[31msetKeyValue(): [key=>h_aw_person,value=>6018,type=>FieldtypePage,inputfield=>InputfieldAsmSelect](B[m
>>>  OK chiens-et-valets.h_aw_person                  Charles-Jean Hallo

======================================================================================
[31mgetPage(): OK 1 - template=h_person, h_av_lastname~=Nomura, h_av_firstname~=Daiske(B[m
2024-03    Chorus stellarium              Daiske Nomura             2024                  B           !!!!!!!! Daiske Nomura
[31mcreatePage(): data=[title=>Daiske Nomura,h_av_firstname=>Daiske,h_av_lastname=>Nomura,h_av_duty=>Artist](B[m
[31mcreatePage(): PAGE ALREADY EXISTS selector="template=h_person, title=Daiske Nomura"(B[m
[31msetKeyValue(): [key=>title,value=>Daiske Nomura,type=>FieldtypePageTitleLanguage](B[m
>>>  OK daiske-nomura-4.title                         Daiske Nomura
[31msetKeyValue(): [key=>h_av_firstname,value=>Daiske,type=>FieldtypeTextLanguage](B[m
>>>  OK daiske-nomura-4.h_av_firstname                Daiske
[31msetKeyValue(): [key=>h_av_lastname,value=>Nomura,type=>FieldtypeTextLanguage](B[m
>>>  OK daiske-nomura-4.h_av_lastname                 Nomura
>>>  OK daiske-nomura-4.h_av_duty                     Artist
[31mcreatePage(): data=[title=>Chorus stellarium,h_aw_day0=>2024-03,h_aw_more=>B,h_aw_brand=>5835,h_aw_year=>2024](B[m
[31mcreatePage(): PAGE ALREADY EXISTS selector="template=h_artwork, title=Chorus stellarium"(B[m
[31msetKeyValue(): [key=>title,value=>Chorus stellarium,type=>FieldtypePageTitleLanguage](B[m
>>>  OK chorus-stellarium.title                       Chorus stellarium
[31msetKeyValue(): [key=>h_aw_day0,value=>2024-03,type=>FieldtypeText](B[m
>>>  OK chorus-stellarium.h_aw_day0                   2024-03
[31msetKeyValue(): [key=>h_aw_more,value=>B,type=>FieldtypeText](B[m
>>>  OK chorus-stellarium.h_aw_more                   B
>>>  OK chorus-stellarium.h_aw_brand                  Hermès
[31msetKeyValue(): [key=>h_aw_year,value=>2024,type=>FieldtypeText](B[m
>>>  OK chorus-stellarium.h_aw_year                   2024
[31msetKeyValue(): [key=>h_aw_person,value=>6087,type=>FieldtypePage,inputfield=>InputfieldAsmSelect](B[m
>>>  OK chorus-stellarium.h_aw_person                 Daiske Nomura

======================================================================================
[31mgetPage(): OK 1 - template=h_person, h_av_lastname~=Emery, h_av_firstname~=Benoît-Pierre(B[m
2022-14    Circuit FSH 24                 Benoît-Pierre Emery      2018                  П Мини  !!!!!!!! Benoît-Pierre Emery
[31mcreatePage(): data=[title=>Benoît-Pierre Emery,h_av_firstname=>Benoît-Pierre,h_av_lastname=>Emery,h_av_duty=>Artist](B[m
[31mcreatePage(): PAGE ALREADY EXISTS selector="template=h_person, title=Benoît-Pierre Emery"(B[m
[31msetKeyValue(): [key=>title,value=>Benoît-Pierre Emery,type=>FieldtypePageTitleLanguage](B[m
>>>  OK 320-benot-pierre-emery.title                  Benoît-Pierre Emery
[31msetKeyValue(): [key=>h_av_firstname,value=>Benoît-Pierre,type=>FieldtypeTextLanguage](B[m
>>>  OK 320-benot-pierre-emery.h_av_firstname         Benoît-Pierre
[31msetKeyValue(): [key=>h_av_lastname,value=>Emery,type=>FieldtypeTextLanguage](B[m
>>>  OK 320-benot-pierre-emery.h_av_lastname          Emery
>>>  OK 320-benot-pierre-emery.h_av_duty              Artist
[31mcreatePage(): data=[title=>Circuit FSH 24,h_aw_day0=>2022-14,h_aw_more=>П Мини,h_aw_brand=>5835,h_aw_year=>2018](B[m
[31mcreatePage(): PAGE ALREADY EXISTS selector="template=h_artwork, title=Circuit FSH 24"(B[m
[31msetKeyValue(): [key=>title,value=>Circuit FSH 24,type=>FieldtypePageTitleLanguage](B[m
>>>  OK circuit-fsh-24.title                          Circuit FSH 24
[31msetKeyValue(): [key=>h_aw_day0,value=>2022-14,type=>FieldtypeText](B[m
>>>  OK circuit-fsh-24.h_aw_day0                      2022-14
[31msetKeyValue(): [key=>h_aw_more,value=>П Мини,type=>FieldtypeText](B[m
>>>  OK circuit-fsh-24.h_aw_more                      П Мини
>>>  OK circuit-fsh-24.h_aw_brand                     Hermès
>>>  OK circuit-fsh-24.h_aw_year                      2018
[31msetKeyValue(): [key=>h_aw_person,value=>5813,type=>FieldtypePage,inputfield=>InputfieldAsmSelect](B[m
>>>  OK circuit-fsh-24.h_aw_person                    Benoît-Pierre Emery

======================================================================================
2003-10-02 Clefs                          Caty Latham               1965/1980/2010                    !!!!!!!! Caty Latham
>>>  OK 168-cathy-latham-audib.h_av_duty              Artist
[31mcreatePage(): data=[title=>Clefs,h_aw_day0=>2003-10-02,h_aw_brand=>5835,h_aw_year=>1965/1980/2010](B[m
[31mcreatePage(): PAGE ALREADY EXISTS selector="template=h_artwork, title=Clefs"(B[m
[31msetKeyValue(): [key=>title,value=>Clefs,type=>FieldtypePageTitleLanguage](B[m
>>>  OK clefs.title                                   Clefs
[31msetKeyValue(): [key=>h_aw_day0,value=>2003-10-02,type=>FieldtypeText](B[m
>> Load clefs.h_aw_day0                               2003-10-02
>>>  OK clefs.h_aw_brand                              Hermès
[31msetKeyValue(): [key=>h_aw_year,value=>1965/1980/2010,type=>FieldtypeText](B[m
>>>  OK clefs.h_aw_year                               1965/1980/2010
>>>  OK clefs.h_aw_person                             Caty Latham

======================================================================================
           Clic-clac                      Julie Abadie              1979/1997/2011                    !!!!!!!! Julie Abadie
>>>  OK 313-julia-abadie.h_av_duty                    Artist
[31mcreatePage(): data=[title=>Clic-clac,h_aw_brand=>5835,h_aw_year=>1979/1997/2011](B[m
[31mcreatePage(): PAGE ALREADY EXISTS selector="template=h_artwork, title=Clic-clac"(B[m
[31msetKeyValue(): [key=>title,value=>Clic-clac,type=>FieldtypePageTitleLanguage](B[m
>>>  OK clic-clac.title                               Clic-clac
>>>  OK clic-clac.h_aw_brand                          Hermès
[31msetKeyValue(): [key=>h_aw_year,value=>1979/1997/2011,type=>FieldtypeText](B[m
>>>  OK clic-clac.h_aw_year                           1979/1997/2011
>>>  OK clic-clac.h_aw_person                         Julie Abadie

======================================================================================
[31mgetPage(): OK 1 - template=h_person, h_av_lastname~=Jamin, h_av_firstname~=Virginie(B[m
           Collies de chiens              Virginie Jamin                                  Twilly      !!!!!!!! Virginie Jamin
[31mcreatePage(): data=[title=>Virginie Jamin,h_av_firstname=>Virginie,h_av_lastname=>Jamin,h_av_duty=>Artist](B[m
[31mcreatePage(): PAGE ALREADY EXISTS selector="template=h_person, title=Virginie Jamin"(B[m
[31msetKeyValue(): [key=>title,value=>Virginie Jamin,type=>FieldtypePageTitleLanguage](B[m
>>>  OK virginie-jamin.title                          Virginie Jamin
[31msetKeyValue(): [key=>h_av_firstname,value=>Virginie,type=>FieldtypeTextLanguage](B[m
>>>  OK virginie-jamin.h_av_firstname                 Virginie
[31msetKeyValue(): [key=>h_av_lastname,value=>Jamin,type=>FieldtypeTextLanguage](B[m
>>>  OK virginie-jamin.h_av_lastname                  Jamin
>>>  OK virginie-jamin.h_av_duty                      Artist
[31mcreatePage(): data=[title=>Collies de chiens,h_aw_more=>Twilly,h_aw_brand=>5835](B[m
[31mcreatePage(): PAGE ALREADY EXISTS selector="template=h_artwork, title=Collies de chiens"(B[m
[31msetKeyValue(): [key=>title,value=>Collies de chiens,type=>FieldtypePageTitleLanguage](B[m
>>>  OK collies-de-chiens.title                       Collies de chiens
[31msetKeyValue(): [key=>h_aw_more,value=>Twilly,type=>FieldtypeText](B[m
>>>  OK collies-de-chiens.h_aw_more                   Twilly
>>>  OK collies-de-chiens.h_aw_brand                  Hermès
[31msetKeyValue(): [key=>h_aw_person,value=>6090,type=>FieldtypePage,inputfield=>InputfieldAsmSelect](B[m
>>>  OK collies-de-chiens.h_aw_person                 Virginie Jamin

======================================================================================
[31mgetPage(): OK 1 - template=h_person, h_av_lastname~=Dubigeon, h_av_firstname~=Loic(B[m
2022-10    Confidents des coeur           Loic Dubigeon             2000                  G           !!!!!!!! Loic Dubigeon
[31mcreatePage(): data=[title=>Loic Dubigeon,h_av_firstname=>Loic,h_av_lastname=>Dubigeon,h_av_duty=>Artist](B[m
[31mcreatePage(): PAGE ALREADY EXISTS selector="template=h_person, title=Loic Dubigeon"(B[m
[31msetKeyValue(): [key=>title,value=>Loic Dubigeon,type=>FieldtypePageTitleLanguage](B[m
>>>  OK 226-loc-dubigeon.title                        Loic Dubigeon
[31msetKeyValue(): [key=>h_av_firstname,value=>Loic,type=>FieldtypeTextLanguage](B[m
>>>  OK 226-loc-dubigeon.h_av_firstname               Loic
[31msetKeyValue(): [key=>h_av_lastname,value=>Dubigeon,type=>FieldtypeTextLanguage](B[m
>>>  OK 226-loc-dubigeon.h_av_lastname                Dubigeon
>>>  OK 226-loc-dubigeon.h_av_duty                    Artist
[31mcreatePage(): data=[title=>Confidents des coeur,h_aw_day0=>2022-10,h_aw_more=>G,h_aw_brand=>5835,h_aw_year=>2000](B[m
[31mcreatePage(): PAGE ALREADY EXISTS selector="template=h_artwork, title=Confidents des coeur"(B[m
[31msetKeyValue(): [key=>title,value=>Confidents des coeur,type=>FieldtypePageTitleLanguage](B[m
>>>  OK confidents-des-coeur.title                    Confidents des coeur
[31msetKeyValue(): [key=>h_aw_day0,value=>2022-10,type=>FieldtypeText](B[m
>>>  OK confidents-des-coeur.h_aw_day0                2022-10
>>>  OK confidents-des-coeur.h_aw_more                G
>>>  OK confidents-des-coeur.h_aw_brand               Hermès
[31msetKeyValue(): [key=>h_aw_year,value=>2000,type=>FieldtypeText](B[m
>>>  OK confidents-des-coeur.h_aw_year                2000
[31msetKeyValue(): [key=>h_aw_person,value=>5800,type=>FieldtypePage,inputfield=>InputfieldAsmSelect](B[m
>>>  OK confidents-des-coeur.h_aw_person              Loic Dubigeon

======================================================================================
[31mgetPage(): OK 1 - template=h_person, h_av_lastname~=La Torre(B[m
           Coqs                            La Torre                 1964                              !!!!!!!! Gabriella La Torre
[31mcreatePage(): data=[title=>La Torre,h_av_lastname=>La Torre,h_av_duty=>Artist](B[m
[31mcreatePage(): PAGE ALREADY EXISTS selector="template=h_person, title=La Torre"(B[m
[31msetKeyValue(): [key=>title,value=>La Torre,type=>FieldtypePageTitleLanguage](B[m
>>>  OK la-torre-1.title                              La Torre
[31msetKeyValue(): [key=>h_av_lastname,value=>La Torre,type=>FieldtypeTextLanguage](B[m
>>>  OK la-torre-1.h_av_lastname                      La Torre
>>>  OK la-torre-1.h_av_duty                          Artist
[31mcreatePage(): data=[title=>Coqs,h_aw_brand=>5835,h_aw_year=>1964](B[m
[31mcreatePage(): PAGE ALREADY EXISTS selector="template=h_artwork, title=Coqs"(B[m
[31msetKeyValue(): [key=>title,value=>Coqs,type=>FieldtypePageTitleLanguage](B[m
>>>  OK coqs.title                                    Coqs
>>>  OK coqs.h_aw_brand                               Hermès
>>>  OK coqs.h_aw_year                                1964
[31msetKeyValue(): [key=>h_aw_person,value=>6174,type=>FieldtypePage,inputfield=>InputfieldAsmSelect](B[m
>> Load coqs.5968|6174                                La Torre

======================================================================================
           Couvee d'Hermès               Caty Latham               1994                              !!!!!!!! Caty Latham
>>>  OK 168-cathy-latham-audib.h_av_duty              Artist
[31mcreatePage(): data=[title=>Couvee d'Hermès,h_aw_brand=>5835,h_aw_year=>1994](B[m
[31mcreatePage(): PAGE ALREADY EXISTS selector="template=h_artwork, title="Couvee d'Hermès""(B[m
[31msetKeyValue(): [key=>title,value=>Couvee d'Hermès,type=>FieldtypePageTitleLanguage](B[m
>>>  OK couvee-d-hermes.title                         Couvee d'Hermès
>>>  OK couvee-d-hermes.h_aw_brand                    Hermès
>>>  OK couvee-d-hermes.h_aw_year                     1994
>>>  OK couvee-d-hermes.h_aw_person                   Caty Latham

======================================================================================
           Cuillers d'Afrique             Caty Latham               1997                              !!!!!!!! Caty Latham
>>>  OK 168-cathy-latham-audib.h_av_duty              Artist
[31mcreatePage(): data=[title=>Cuillers d'Afrique,h_aw_brand=>5835,h_aw_year=>1997](B[m
[31mcreatePage(): PAGE ALREADY EXISTS selector="template=h_artwork, title="Cuillers d'Afrique""(B[m
[31msetKeyValue(): [key=>title,value=>Cuillers d'Afrique,type=>FieldtypePageTitleLanguage](B[m
>>>  OK cuillers-d-afrique.title                      Cuillers d'Afrique
>>>  OK cuillers-d-afrique.h_aw_brand                 Hermès
>>>  OK cuillers-d-afrique.h_aw_year                  1997
>>>  OK cuillers-d-afrique.h_aw_person                Caty Latham

======================================================================================
           Cuivreries                     Françoise de La Perrière 1963                  Scarf/vintage 2  !!!!!!!! Françoise de La Perrière
>>>  OK 282-franoise-de-la-per.h_av_duty              Artist
[31mcreatePage(): data=[title=>Cuivreries,h_aw_more=>Scarf/vintage 2,h_aw_brand=>5835,h_aw_year=>1963](B[m
[31mcreatePage(): PAGE ALREADY EXISTS selector="template=h_artwork, title=Cuivreries"(B[m
[31msetKeyValue(): [key=>title,value=>Cuivreries,type=>FieldtypePageTitleLanguage](B[m
>>>  OK cuivreries-variant.title                      Cuivreries
[31msetKeyValue(): [key=>h_aw_more,value=>Scarf/vintage 2,type=>FieldtypeText](B[m
>> Load cuivreries-variant.h_aw_more                  Scarf/vintage 2
>>>  OK cuivreries-variant.h_aw_brand                 Hermès
[31msetKeyValue(): [key=>h_aw_year,value=>1963,type=>FieldtypeText](B[m
>>>  OK cuivreries-variant.h_aw_year                  1963
>>>  OK cuivreries-variant.h_aw_person                Françoise de La Perrière

======================================================================================
           Cuivreries                     Françoise de La Perrière 1963                  Variant     !!!!!!!! Françoise de La Perrière
>>>  OK 282-franoise-de-la-per.h_av_duty              Artist
[31mcreatePage(): data=[title=>Cuivreries,h_aw_more=>Variant,h_aw_brand=>5835,h_aw_year=>1963](B[m
[31msetKeyValue(): [key=>h_aw_more,value=>Variant,type=>FieldtypeText](B[m
>> Load cuivreries-variant.h_aw_more                  Variant
>>>  OK cuivreries-variant.h_aw_brand                 Hermès
>>>  OK cuivreries-variant.h_aw_person                Françoise de La Perrière

======================================================================================
[31mgetPage(): FAIL 1 - template=h_person(B[m
2019-10-21 Dior                                                                     70x70 Dior        ???????? AUTHOR PAGE
[31mcreatePage(): data=[h_av_duty=>Artist](B[m
[31mcreatePage(): FAIL empty(data[title])(B[m
[31mgetPage(): OK 1 - template=h_brand, title~=Dior(B[m
[34mNOTICE: Detected brand Dior(B[m
[31mcreatePage(): data=[title=>Dior,h_aw_day0=>2019-10-21,h_aw_size=>70x70,h_aw_more=>Dior,h_aw_price=>553,h_aw_brand=>5841](B[m
[31mcreatePage(): PAGE ALREADY EXISTS selector="template=h_artwork, title=Dior"(B[m
[31msetKeyValue(): [key=>title,value=>Dior,type=>FieldtypePageTitleLanguage](B[m
>>>  OK dior.title                                    Dior
[31msetKeyValue(): [key=>h_aw_day0,value=>2019-10-21,type=>FieldtypeText](B[m
>>>  OK dior.h_aw_day0                                2019-10-21
[31msetKeyValue(): [key=>h_aw_size,value=>70x70,type=>FieldtypePage,inputfield=>InputfieldSelect,derefAsPage=>1](B[m
[31mpageName(): pageName(70x70) = 70x70(B[m
>>>  OK 70x70.70x70                                   70x70
>> Load dior.6187                                     70x70
[31msetKeyValue(): [key=>h_aw_more,value=>Dior,type=>FieldtypeText](B[m
>> Load dior.h_aw_more                                Dior
[31msetKeyValue(): [key=>h_aw_price,value=>553,type=>FieldtypeText](B[m
>> Load dior.h_aw_price                               553
[31msetKeyValue(): [key=>h_aw_brand,value=>5841,type=>FieldtypePage,inputfield=>InputfieldAsmSelect,derefAsPage=>1](B[m
>> Load dior.5841                                     Dior
[31msetKeyValue(): [key=>h_aw_person,type=>FieldtypePage,inputfield=>InputfieldAsmSelect](B[m
[35mWARNING: Skip... Trying to assign h_aw_person=NullPage(B[m

======================================================================================
[31mgetPage(): OK 1 - template=h_person, h_av_lastname~=Manlik, h_av_firstname~=Florence(B[m
           Do Re Boucles                  Florence Manlik                                 Twilly      !!!!!!!! Florence Manlik
[31mcreatePage(): data=[title=>Florence Manlik,h_av_firstname=>Florence,h_av_lastname=>Manlik,h_av_duty=>Artist](B[m
[31mcreatePage(): PAGE ALREADY EXISTS selector="template=h_person, title=Florence Manlik"(B[m
[31msetKeyValue(): [key=>title,value=>Florence Manlik,type=>FieldtypePageTitleLanguage](B[m
>>>  OK florence-manlik.title                         Florence Manlik
[31msetKeyValue(): [key=>h_av_firstname,value=>Florence,type=>FieldtypeTextLanguage](B[m
>>>  OK florence-manlik.h_av_firstname                Florence
[31msetKeyValue(): [key=>h_av_lastname,value=>Manlik,type=>FieldtypeTextLanguage](B[m
>>>  OK florence-manlik.h_av_lastname                 Manlik
>>>  OK florence-manlik.h_av_duty                     Artist
[31mcreatePage(): data=[title=>Do Re Boucles,h_aw_more=>Twilly,h_aw_brand=>5835](B[m
[31mcreatePage(): PAGE ALREADY EXISTS selector="template=h_artwork, title=Do Re Boucles"(B[m
[31msetKeyValue(): [key=>title,value=>Do Re Boucles,type=>FieldtypePageTitleLanguage](B[m
>>>  OK do-re-boucles.title                           Do Re Boucles
>> Load do-re-boucles.h_aw_more                       Twilly
>>>  OK do-re-boucles.h_aw_brand                      Hermès
[31msetKeyValue(): [key=>h_aw_person,value=>5996,type=>FieldtypePage,inputfield=>InputfieldAsmSelect](B[m
>>>  OK do-re-boucles.h_aw_person                     Florence Manlik

======================================================================================
[31mgetPage(): OK 1 - template=h_person, h_av_lastname~=Brancowitz, h_av_firstname~=Carine(B[m
2024-07-18 En Liberte                     Carine Brancowitz         2020                              !!!!!!!! Carine Brancowitz
[31mcreatePage(): data=[title=>Carine Brancowitz,h_av_firstname=>Carine,h_av_lastname=>Brancowitz,h_av_duty=>Artist](B[m
[31mcreatePage(): PAGE ALREADY EXISTS selector="template=h_person, title=Carine Brancowitz"(B[m
[31msetKeyValue(): [key=>title,value=>Carine Brancowitz,type=>FieldtypePageTitleLanguage](B[m
>>>  OK carine-brancowitz.title                       Carine Brancowitz
[31msetKeyValue(): [key=>h_av_firstname,value=>Carine,type=>FieldtypeTextLanguage](B[m
>>>  OK carine-brancowitz.h_av_firstname              Carine
[31msetKeyValue(): [key=>h_av_lastname,value=>Brancowitz,type=>FieldtypeTextLanguage](B[m
>>>  OK carine-brancowitz.h_av_lastname               Brancowitz
>>>  OK carine-brancowitz.h_av_duty                   Artist
[31mcreatePage(): data=[title=>En Liberte,h_aw_day0=>2024-07-18,h_aw_brand=>5835,h_aw_year=>2020](B[m
[31mcreatePage(): PAGE ALREADY EXISTS selector="template=h_artwork, title=En Liberte"(B[m
[31msetKeyValue(): [key=>title,value=>En Liberte,type=>FieldtypePageTitleLanguage](B[m
>>>  OK en-liberte.title                              En Liberte
[31msetKeyValue(): [key=>h_aw_day0,value=>2024-07-18,type=>FieldtypeText](B[m
>> Load en-liberte.h_aw_day0                          2024-07-18
>>>  OK en-liberte.h_aw_brand                         Hermès
[31msetKeyValue(): [key=>h_aw_year,value=>2020,type=>FieldtypeText](B[m
>>>  OK en-liberte.h_aw_year                          2020
[31msetKeyValue(): [key=>h_aw_person,value=>6095,type=>FieldtypePage,inputfield=>InputfieldAsmSelect](B[m
>>>  OK en-liberte.h_aw_person                        Carine Brancowitz

======================================================================================
2024-07-22 En Liberte                     Carine Brancowitz         2020            88x88             !!!!!!!! Carine Brancowitz
>>>  OK carine-brancowitz.h_av_duty                   Artist
[31mcreatePage(): data=[title=>En Liberte,h_aw_day0=>2024-07-22,h_aw_size=>88x88,h_aw_price=>2450,h_aw_brand=>5835,h_aw_year=>2020](B[m
[31msetKeyValue(): [key=>h_aw_day0,value=>2024-07-22,type=>FieldtypeText](B[m
>> Load en-liberte.h_aw_day0                          2024-07-22
[31msetKeyValue(): [key=>h_aw_size,value=>88x88,type=>FieldtypePage,inputfield=>InputfieldSelect,derefAsPage=>1](B[m
>>>  OK en-liberte.h_aw_size                          88x88
>> Load en-liberte.h_aw_price                         2450
>>>  OK en-liberte.h_aw_brand                         Hermès
>>>  OK en-liberte.h_aw_person                        Carine Brancowitz

======================================================================================
           Eperon d'or                    Henri d'Origny            1974/1989             2+(1)       !!!!!!!! Henri d'Origny
>>>  OK 314-henri-dorigny.h_av_duty                   Artist
[31mcreatePage(): data=[title=>Eperon d'or,h_aw_more=>2+(1),h_aw_brand=>5835,h_aw_year=>1974/1989](B[m
[31mcreatePage(): PAGE ALREADY EXISTS selector="template=h_artwork, title="Eperon d'or""(B[m
[31msetKeyValue(): [key=>title,value=>Eperon d'or,type=>FieldtypePageTitleLanguage](B[m
>>>  OK eperon-d-or.title                             Eperon d'or
[31msetKeyValue(): [key=>h_aw_more,value=>2+(1),type=>FieldtypeText](B[m
>> Load eperon-d-or.h_aw_more                         2+(1)
>>>  OK eperon-d-or.h_aw_brand                        Hermès
[31msetKeyValue(): [key=>h_aw_year,value=>1974/1989,type=>FieldtypeText](B[m
>>>  OK eperon-d-or.h_aw_year                         1974/1989
>>>  OK eperon-d-or.h_aw_person                       Henri d'Origny

======================================================================================
2017-05-15 Equitation japonaise           Françoise de La Perrière 1969                              !!!!!!!! Françoise de La Perrière
>>>  OK 282-franoise-de-la-per.h_av_duty              Artist
[31mcreatePage(): data=[title=>Equitation japonaise,h_aw_day0=>2017-05-15,h_aw_brand=>5835,h_aw_year=>1969](B[m
[31mcreatePage(): PAGE ALREADY EXISTS selector="template=h_artwork, title=Equitation japonaise"(B[m
[31msetKeyValue(): [key=>title,value=>Equitation japonaise,type=>FieldtypePageTitleLanguage](B[m
>>>  OK equitation-japonaise.title                    Equitation japonaise
[31msetKeyValue(): [key=>h_aw_day0,value=>2017-05-15,type=>FieldtypeText](B[m
>> Load equitation-japonaise.h_aw_day0                2017-05-15
>>>  OK equitation-japonaise.h_aw_brand               Hermès
[31msetKeyValue(): [key=>h_aw_year,value=>1969,type=>FieldtypeText](B[m
>>>  OK equitation-japonaise.h_aw_year                1969
>>>  OK equitation-japonaise.h_aw_person              Françoise de La Perrière

======================================================================================
2012-09-28 Etriers                        Françoise de La Perrière 1964/1990                         !!!!!!!! Françoise de La Perrière
>>>  OK 282-franoise-de-la-per.h_av_duty              Artist
[31mcreatePage(): data=[title=>Etriers,h_aw_day0=>2012-09-28,h_aw_brand=>5835,h_aw_year=>1964/1990](B[m
[31mcreatePage(): PAGE ALREADY EXISTS selector="template=h_artwork, title=Etriers"(B[m
[31msetKeyValue(): [key=>title,value=>Etriers,type=>FieldtypePageTitleLanguage](B[m
>>>  OK etriers.title                                 Etriers
[31msetKeyValue(): [key=>h_aw_day0,value=>2012-09-28,type=>FieldtypeText](B[m
>> Load etriers.h_aw_day0                             2012-09-28
>>>  OK etriers.h_aw_brand                            Hermès
[31msetKeyValue(): [key=>h_aw_year,value=>1964/1990,type=>FieldtypeText](B[m
>>>  OK etriers.h_aw_year                             1964/1990
>>>  OK etriers.h_aw_person                           Françoise de La Perrière

======================================================================================
           Etude pour une parure          Florence Manlik           2017                              !!!!!!!! Florence Manlik
>>>  OK florence-manlik.h_av_duty                     Artist
[31mcreatePage(): data=[title=>Etude pour une parure,h_aw_brand=>5835,h_aw_year=>2017](B[m
[31mcreatePage(): PAGE ALREADY EXISTS selector="template=h_artwork, title=Etude pour une parure"(B[m
[31msetKeyValue(): [key=>title,value=>Etude pour une parure,type=>FieldtypePageTitleLanguage](B[m
>>>  OK etude-pour-une-parure.title                   Etude pour une parure
>>>  OK etude-pour-une-parure.h_aw_brand              Hermès
[31msetKeyValue(): [key=>h_aw_year,value=>2017,type=>FieldtypeText](B[m
>>>  OK etude-pour-une-parure.h_aw_year               2017
>>>  OK etude-pour-une-parure.h_aw_person             Florence Manlik

======================================================================================
           Ex-libris                      Hugo Grygkar              1946/1998             G EL        !!!!!!!! Hugo Grygkar
>>>  OK 199-hugo-grygkar.h_av_duty                    Artist
[31mcreatePage(): data=[title=>Ex-libris,h_aw_more=>G EL,h_aw_brand=>5835,h_aw_year=>1946/1998](B[m
[31mcreatePage(): PAGE ALREADY EXISTS selector="template=h_artwork, title=Ex-libris"(B[m
[31msetKeyValue(): [key=>title,value=>Ex-libris,type=>FieldtypePageTitleLanguage](B[m
>>>  OK ex-libris-gavroche.title                      Ex-libris
[31msetKeyValue(): [key=>h_aw_more,value=>G EL,type=>FieldtypeText](B[m
>> Load ex-libris-gavroche.h_aw_more                  G EL
>>>  OK ex-libris-gavroche.h_aw_brand                 Hermès
[31msetKeyValue(): [key=>h_aw_year,value=>1946/1998,type=>FieldtypeText](B[m
>>>  OK ex-libris-gavroche.h_aw_year                  1946/1998
>>>  OK ex-libris-gavroche.h_aw_person                Hugo Grygkar

======================================================================================
[31mgetPage(): OK 1 - template=h_person, h_av_lastname~=Jarlegant, h_av_firstname~=Dominik(B[m
2022-06    Face au large                  Dominik Jarlegant         2000                              !!!!!!!! Dominik Jarlegant
[31mcreatePage(): data=[title=>Dominik Jarlegant,h_av_firstname=>Dominik,h_av_lastname=>Jarlegant,h_av_duty=>Artist](B[m
[31mcreatePage(): PAGE ALREADY EXISTS selector="template=h_person, title=Dominik Jarlegant"(B[m
[31msetKeyValue(): [key=>title,value=>Dominik Jarlegant,type=>FieldtypePageTitleLanguage](B[m
>>>  OK dominik-jarlegant.title                       Dominik Jarlegant
[31msetKeyValue(): [key=>h_av_firstname,value=>Dominik,type=>FieldtypeTextLanguage](B[m
>>>  OK dominik-jarlegant.h_av_firstname              Dominik
[31msetKeyValue(): [key=>h_av_lastname,value=>Jarlegant,type=>FieldtypeTextLanguage](B[m
>>>  OK dominik-jarlegant.h_av_lastname               Jarlegant
>>>  OK dominik-jarlegant.h_av_duty                   Artist
[31mcreatePage(): data=[title=>Face au large,h_aw_day0=>2022-06,h_aw_brand=>5835,h_aw_year=>2000](B[m
[31mcreatePage(): PAGE ALREADY EXISTS selector="template=h_artwork, title=Face au large"(B[m
[31msetKeyValue(): [key=>title,value=>Face au large,type=>FieldtypePageTitleLanguage](B[m
>>>  OK face-au-large.title                           Face au large
[31msetKeyValue(): [key=>h_aw_day0,value=>2022-06,type=>FieldtypeText](B[m
>>>  OK face-au-large.h_aw_day0                       2022-06
>>>  OK face-au-large.h_aw_brand                      Hermès
>>>  OK face-au-large.h_aw_year                       2000
[31msetKeyValue(): [key=>h_aw_person,value=>6097,type=>FieldtypePage,inputfield=>InputfieldAsmSelect](B[m
>>>  OK face-au-large.h_aw_person                     Dominik Jarlegant

======================================================================================
           Farandole                      Caty Latham               1977/1990/2006                    !!!!!!!! Caty Latham
>>>  OK 168-cathy-latham-audib.h_av_duty              Artist
[31mcreatePage(): data=[title=>Farandole,h_aw_brand=>5835,h_aw_year=>1977/1990/2006](B[m
[31mcreatePage(): PAGE ALREADY EXISTS selector="template=h_artwork, title=Farandole"(B[m
[31msetKeyValue(): [key=>title,value=>Farandole,type=>FieldtypePageTitleLanguage](B[m
>>>  OK farandole.title                               Farandole
>>>  OK farandole.h_aw_brand                          Hermès
[31msetKeyValue(): [key=>h_aw_year,value=>1977/1990/2006,type=>FieldtypeText](B[m
>>>  OK farandole.h_aw_year                           1977/1990/2006
>>>  OK farandole.h_aw_person                         Caty Latham

======================================================================================
2022-12    Ferronnerie                    Caty Latham               1970                  G           !!!!!!!! Caty Latham
>>>  OK 168-cathy-latham-audib.h_av_duty              Artist
[31mcreatePage(): data=[title=>Ferronnerie,h_aw_day0=>2022-12,h_aw_more=>G,h_aw_brand=>5835,h_aw_year=>1970](B[m
[31mcreatePage(): PAGE ALREADY EXISTS selector="template=h_artwork, title=Ferronnerie"(B[m
[31msetKeyValue(): [key=>title,value=>Ferronnerie,type=>FieldtypePageTitleLanguage](B[m
>>>  OK ferronnerie.title                             Ferronnerie
[31msetKeyValue(): [key=>h_aw_day0,value=>2022-12,type=>FieldtypeText](B[m
>> Load ferronnerie.h_aw_day0                         2022-12
>> Load ferronnerie.h_aw_more                         G
>>>  OK ferronnerie.h_aw_brand                        Hermès
[31msetKeyValue(): [key=>h_aw_year,value=>1970,type=>FieldtypeText](B[m
>>>  OK ferronnerie.h_aw_year                         1970
>>>  OK ferronnerie.h_aw_person                       Caty Latham

======================================================================================
           Festival des amazones          Henri d'Origny            2013/2014                         !!!!!!!! Henri d'Origny
>>>  OK 314-henri-dorigny.h_av_duty                   Artist
[31mcreatePage(): data=[title=>Festival des amazones,h_aw_brand=>5835,h_aw_year=>2013/2014](B[m
[31mcreatePage(): PAGE ALREADY EXISTS selector="template=h_artwork, title=Festival des amazones"(B[m
[31msetKeyValue(): [key=>title,value=>Festival des amazones,type=>FieldtypePageTitleLanguage](B[m
>>>  OK festival-des-amazones.title                   Festival des amazones
>>>  OK festival-des-amazones.h_aw_brand              Hermès
[31msetKeyValue(): [key=>h_aw_year,value=>2013/2014,type=>FieldtypeText](B[m
>>>  OK festival-des-amazones.h_aw_year               2013/2014
>>>  OK festival-des-amazones.h_aw_person             Henri d'Origny

======================================================================================
[31mgetPage(): OK 1 - template=h_person, h_av_lastname~=Duchêne, h_av_firstname~=Michèle(B[m
2023-10    Feux d'Artifice                Michèle Duchêne         1987                  ES          !!!!!!!! Michèle Duchêne
[31mcreatePage(): data=[title=>Michèle Duchêne,h_av_firstname=>Michèle,h_av_lastname=>Duchêne,h_av_duty=>Artist](B[m
[31mcreatePage(): PAGE ALREADY EXISTS selector="template=h_person, title=Michèle Duchêne"(B[m
[31msetKeyValue(): [key=>title,value=>Michèle Duchêne,type=>FieldtypePageTitleLanguage](B[m
>>>  OK 301-michel-duchne.title                       Michèle Duchêne
[31msetKeyValue(): [key=>h_av_firstname,value=>Michèle,type=>FieldtypeTextLanguage](B[m
>>>  OK 301-michel-duchne.h_av_firstname              Michèle
[31msetKeyValue(): [key=>h_av_lastname,value=>Duchêne,type=>FieldtypeTextLanguage](B[m
>>>  OK 301-michel-duchne.h_av_lastname               Duchêne
>>>  OK 301-michel-duchne.h_av_duty                   Artist
[31mcreatePage(): data=[title=>Feux d'Artifice,h_aw_day0=>2023-10,h_aw_more=>ES,h_aw_brand=>5835,h_aw_year=>1987](B[m
[31mcreatePage(): PAGE ALREADY EXISTS selector="template=h_artwork, title="Feux d'Artifice""(B[m
[31msetKeyValue(): [key=>title,value=>Feux d'Artifice,type=>FieldtypePageTitleLanguage](B[m
>>>  OK feux-dartifice.title                          Feux d'Artifice
[31msetKeyValue(): [key=>h_aw_day0,value=>2023-10,type=>FieldtypeText](B[m
>>>  OK feux-dartifice.h_aw_day0                      2023-10
>>>  OK feux-dartifice.h_aw_more                      ES
>>>  OK feux-dartifice.h_aw_brand                     Hermès
[31msetKeyValue(): [key=>h_aw_year,value=>1987,type=>FieldtypeText](B[m
>>>  OK feux-dartifice.h_aw_year                      1987
[31msetKeyValue(): [key=>h_aw_person,value=>5803,type=>FieldtypePage,inputfield=>InputfieldAsmSelect](B[m
>>>  OK feux-dartifice.h_aw_person                    Michèle Duchêne

======================================================================================
2023-05-01 Fleurs et Carlines                                                             Hermes      ???????? AUTHOR PAGE
[31mcreatePage(): data=[title=>Fleurs et Carlines,h_aw_day0=>2023-05-01,h_aw_more=>Hermes,h_aw_price=>2350,h_aw_brand=>5835](B[m
[31mcreatePage(): PAGE ALREADY EXISTS selector="template=h_artwork, title=Fleurs et Carlines"(B[m
[31msetKeyValue(): [key=>title,value=>Fleurs et Carlines,type=>FieldtypePageTitleLanguage](B[m
>>>  OK fleurs-et-carlines.title                      Fleurs et Carlines
[31msetKeyValue(): [key=>h_aw_day0,value=>2023-05-01,type=>FieldtypeText](B[m
>> Load fleurs-et-carlines.h_aw_day0                  2023-05 -> 2023-05-01
[31msetKeyValue(): [key=>h_aw_more,value=>Hermes,type=>FieldtypeText](B[m
>> Load fleurs-et-carlines.h_aw_more                  Hermes
[31msetKeyValue(): [key=>h_aw_price,value=>2350,type=>FieldtypeText](B[m
>> Load fleurs-et-carlines.h_aw_price                 2350
>>>  OK fleurs-et-carlines.h_aw_brand                 Hermès
[35mWARNING: Skip... Trying to assign h_aw_person=NullPage(B[m

======================================================================================
[31mgetPage(): OK 1 - template=h_person, h_av_lastname~=Rybaltchenko, h_av_firstname~=Vladimir(B[m
2023-05    Fleurs et Carlines             Vladimir Rybaltchenko     1985                  П Юры   !!!!!!!! Vladimir Rybaltchenko
[31mcreatePage(): data=[title=>Vladimir Rybaltchenko,h_av_firstname=>Vladimir,h_av_lastname=>Rybaltchenko,h_av_duty=>Artist](B[m
[31mcreatePage(): PAGE ALREADY EXISTS selector="template=h_person, title=Vladimir Rybaltchenko"(B[m
[31msetKeyValue(): [key=>title,value=>Vladimir Rybaltchenko,type=>FieldtypePageTitleLanguage](B[m
>>>  OK 188-vladimir-rybaltche.title                  Vladimir Rybaltchenko
[31msetKeyValue(): [key=>h_av_firstname,value=>Vladimir,type=>FieldtypeTextLanguage](B[m
>>>  OK 188-vladimir-rybaltche.h_av_firstname         Vladimir
>>>  OK 188-vladimir-rybaltche.h_av_lastname          Rybaltchenko
>>>  OK 188-vladimir-rybaltche.h_av_duty              Artist
[31mcreatePage(): data=[title=>Fleurs et Carlines,h_aw_day0=>2023-05,h_aw_more=>П Юры,h_aw_brand=>5835,h_aw_year=>1985](B[m
[31msetKeyValue(): [key=>h_aw_day0,value=>2023-05,type=>FieldtypeText](B[m
>> Load fleurs-et-carlines.h_aw_day0                  2023-05
>> Load fleurs-et-carlines.h_aw_more                  П Юры
>>>  OK fleurs-et-carlines.h_aw_brand                 Hermès
[31msetKeyValue(): [key=>h_aw_year,value=>1985,type=>FieldtypeText](B[m
>>>  OK fleurs-et-carlines.h_aw_year                  1985
[31msetKeyValue(): [key=>h_aw_person,value=>5797,type=>FieldtypePage,inputfield=>InputfieldAsmSelect](B[m
>>>  OK fleurs-et-carlines.h_aw_person                Vladimir Rybaltchenko

======================================================================================
2025-03-07 Flots Fleurs et Frontaux       Annie Faivre              2004            90x90             !!!!!!!! Annie Faivre
>>>  OK 329-annie-faivre.h_av_duty                    Artist
[31mcreatePage(): data=[title=>Flots Fleurs et Frontaux,h_aw_day0=>2025-03-07,h_aw_size=>90x90,h_aw_price=>1970,h_aw_brand=>5835,h_aw_year=>2004](B[m
[31mcreatePage(): PAGE ALREADY EXISTS selector="template=h_artwork, title=Flots Fleurs et Frontaux"(B[m
[31msetKeyValue(): [key=>title,value=>Flots Fleurs et Frontaux,type=>FieldtypePageTitleLanguage](B[m
>>>  OK flot-fleurs-et-frontau.title                  Flots Fleurs et Frontaux
[31msetKeyValue(): [key=>h_aw_day0,value=>2025-03-07,type=>FieldtypeText](B[m
>> Load flot-fleurs-et-frontau.h_aw_day0              2025-03-07
>>>  OK 90x90.90x90                                   90x90
>> Load flot-fleurs-et-frontau.6188                   90x90
>> Load flot-fleurs-et-frontau.h_aw_price             1970
>>>  OK flot-fleurs-et-frontau.h_aw_brand             Hermès
>> Load flot-fleurs-et-frontau.h_aw_year              2004
>> Load flot-fleurs-et-frontau.6090|5822              Annie Faivre

======================================================================================
2025-02    Flots Fleurs et Frontaux       Virginie Jamin            2017                              !!!!!!!! Virginie Jamin
>>>  OK virginie-jamin.h_av_duty                      Artist
[31mcreatePage(): data=[title=>Flots Fleurs et Frontaux,h_aw_day0=>2025-02,h_aw_brand=>5835,h_aw_year=>2017](B[m
[31msetKeyValue(): [key=>h_aw_day0,value=>2025-02,type=>FieldtypeText](B[m
>> Load flot-fleurs-et-frontau.h_aw_day0              2025-03-07 -> 2025-02
>>>  OK flot-fleurs-et-frontau.h_aw_brand             Hermès
>> Load flot-fleurs-et-frontau.h_aw_year              2017
>>>  OK flot-fleurs-et-frontau.h_aw_person            Virginie Jamin
>> Load flot-fleurs-et-frontau.5822|6090              Virginie Jamin

======================================================================================
           Geometrie Cretoise             Julie Abadie              2012                              !!!!!!!! Julie Abadie
>>>  OK 313-julia-abadie.h_av_duty                    Artist
[31mcreatePage(): data=[title=>Geometrie Cretoise,h_aw_brand=>5835,h_aw_year=>2012](B[m
[31mcreatePage(): PAGE ALREADY EXISTS selector="template=h_artwork, title=Geometrie Cretoise"(B[m
[31msetKeyValue(): [key=>title,value=>Geometrie Cretoise,type=>FieldtypePageTitleLanguage](B[m
>>>  OK geometrie-cretoise.title                      Geometrie Cretoise
>>>  OK geometrie-cretoise.h_aw_brand                 Hermès
>>>  OK geometrie-cretoise.h_aw_year                  2012
>>>  OK geometrie-cretoise.h_aw_person                Julie Abadie

======================================================================================
[31mgetPage(): OK 1 - template=h_person, h_av_lastname~=de Linares, h_av_firstname~=Henri(B[m
           Gibiers                        Henri de Linares          1966/1991/1997                    !!!!!!!! Henri de Linares
[31mcreatePage(): data=[title=>Henri de Linares,h_av_firstname=>Henri,h_av_lastname=>de Linares,h_av_duty=>Artist](B[m
[31mcreatePage(): PAGE ALREADY EXISTS selector="template=h_person, title=Henri de Linares"(B[m
[31msetKeyValue(): [key=>title,value=>Henri de Linares,type=>FieldtypePageTitleLanguage](B[m
>>>  OK 315-henri-de-linars.title                     Henri de Linares
>>>  OK 315-henri-de-linars.h_av_firstname            Henri
[31msetKeyValue(): [key=>h_av_lastname,value=>de Linares,type=>FieldtypeTextLanguage](B[m
>>>  OK 315-henri-de-linars.h_av_lastname             de Linares
>>>  OK 315-henri-de-linars.h_av_duty                 Artist
[31mcreatePage(): data=[title=>Gibiers,h_aw_brand=>5835,h_aw_year=>1966/1991/1997](B[m
[31mcreatePage(): PAGE ALREADY EXISTS selector="template=h_artwork, title=Gibiers"(B[m
[31msetKeyValue(): [key=>title,value=>Gibiers,type=>FieldtypePageTitleLanguage](B[m
>>>  OK gibiers.title                                 Gibiers
>>>  OK gibiers.h_aw_brand                            Hermès
[31msetKeyValue(): [key=>h_aw_year,value=>1966/1991/1997,type=>FieldtypeText](B[m
>>>  OK gibiers.h_aw_year                             1966/1991/1997
[31msetKeyValue(): [key=>h_aw_person,value=>5808,type=>FieldtypePage,inputfield=>InputfieldAsmSelect](B[m
>>>  OK gibiers.h_aw_person                           Henri de Linares

======================================================================================
           Grand Cortège a Moscou        Michèle Duchêne         1992                              !!!!!!!! Michèle Duchêne
>>>  OK 301-michel-duchne.h_av_duty                   Artist
[31mcreatePage(): data=[title=>Grand Cortège a Moscou,h_aw_brand=>5835,h_aw_year=>1992](B[m
[31mcreatePage(): PAGE ALREADY EXISTS selector="template=h_artwork, title=Grand Cortège a Moscou"(B[m
[31msetKeyValue(): [key=>title,value=>Grand Cortège a Moscou,type=>FieldtypePageTitleLanguage](B[m
>>>  OK 298-grand-cortge-a-mos.title                  Grand Cortège a Moscou
>>>  OK 298-grand-cortge-a-mos.h_aw_brand             Hermès
>>>  OK 298-grand-cortge-a-mos.h_aw_year              1992
>>>  OK 298-grand-cortge-a-mos.h_aw_person            Michèle Duchêne

======================================================================================
2008-03-12 Grand manege                   Henri d'Origny            1990/1993             2           !!!!!!!! Henri d'Origny
>>>  OK 314-henri-dorigny.h_av_duty                   Artist
[31mcreatePage(): data=[title=>Grand manege,h_aw_day0=>2008-03-12,h_aw_more=>2,h_aw_brand=>5835,h_aw_year=>1990/1993](B[m
[31mcreatePage(): PAGE ALREADY EXISTS selector="template=h_artwork, title=Grand manege"(B[m
[31msetKeyValue(): [key=>title,value=>Grand manege,type=>FieldtypePageTitleLanguage](B[m
>>>  OK grand-manege.title                            Grand manege
[31msetKeyValue(): [key=>h_aw_day0,value=>2008-03-12,type=>FieldtypeText](B[m
>> Load grand-manege.h_aw_day0                        2008-03-12
>> Load grand-manege.h_aw_more                        2
>>>  OK grand-manege.h_aw_brand                       Hermès
[31msetKeyValue(): [key=>h_aw_year,value=>1990/1993,type=>FieldtypeText](B[m
>>>  OK grand-manege.h_aw_year                        1990/1993
>>>  OK grand-manege.h_aw_person                      Henri d'Origny

======================================================================================
           Grand tenue                    Henri d'Origny            1985/1998                         !!!!!!!! Henri d'Origny
>>>  OK 314-henri-dorigny.h_av_duty                   Artist
[31mcreatePage(): data=[title=>Grand tenue,h_aw_brand=>5835,h_aw_year=>1985/1998](B[m
[31mcreatePage(): PAGE ALREADY EXISTS selector="template=h_artwork, title=Grand tenue"(B[m
[31msetKeyValue(): [key=>title,value=>Grand tenue,type=>FieldtypePageTitleLanguage](B[m
>>>  OK grand-tenue.title                             Grand tenue
>>>  OK grand-tenue.h_aw_brand                        Hermès
[31msetKeyValue(): [key=>h_aw_year,value=>1985/1998,type=>FieldtypeText](B[m
>>>  OK grand-tenue.h_aw_year                         1985/1998
>>>  OK grand-tenue.h_aw_person                       Henri d'Origny

======================================================================================
           Grande venerie royale          Charles-Jean Hallo        1957                              !!!!!!!! Charles-Jean Hallo
>>>  OK charles-jean-hallo.h_av_duty                  Artist
[31mcreatePage(): data=[title=>Grande venerie royale,h_aw_brand=>5835,h_aw_year=>1957](B[m
[31mcreatePage(): PAGE ALREADY EXISTS selector="template=h_artwork, title=Grande venerie royale"(B[m
[31msetKeyValue(): [key=>title,value=>Grande venerie royale,type=>FieldtypePageTitleLanguage](B[m
>>>  OK grande-venerie-royale.title                   Grande venerie royale
>>>  OK grande-venerie-royale.h_aw_brand              Hermès
[31msetKeyValue(): [key=>h_aw_year,value=>1957,type=>FieldtypeText](B[m
>>>  OK grande-venerie-royale.h_aw_year               1957
>>>  OK grande-venerie-royale.h_aw_person             Charles-Jean Hallo

======================================================================================
           Hermès-sellier                Benoît-Pierre Emery      2009/2012             G           !!!!!!!! Benoît-Pierre Emery
>>>  OK 320-benot-pierre-emery.h_av_duty              Artist
[31mcreatePage(): data=[title=>Hermès-sellier,h_aw_more=>G,h_aw_brand=>5835,h_aw_year=>2009/2012](B[m
[31mcreatePage(): PAGE ALREADY EXISTS selector="template=h_artwork, title=Hermès-sellier"(B[m
[31msetKeyValue(): [key=>title,value=>Hermès-sellier,type=>FieldtypePageTitleLanguage](B[m
>>>  OK hermes-sellier.title                          Hermès-sellier
>> Load hermes-sellier.h_aw_more                      G
>>>  OK hermes-sellier.h_aw_brand                     Hermès
[31msetKeyValue(): [key=>h_aw_year,value=>2009/2012,type=>FieldtypeText](B[m
>>>  OK hermes-sellier.h_aw_year                      2009/2012
>>>  OK hermes-sellier.h_aw_person                    Benoît-Pierre Emery

======================================================================================
           India                          Caty Latham               1986                              !!!!!!!! Caty Latham
>>>  OK 168-cathy-latham-audib.h_av_duty              Artist
[31mcreatePage(): data=[title=>India,h_aw_brand=>5835,h_aw_year=>1986](B[m
[31mcreatePage(): PAGE ALREADY EXISTS selector="template=h_artwork, title=India"(B[m
[31msetKeyValue(): [key=>title,value=>India,type=>FieldtypePageTitleLanguage](B[m
>>>  OK india.title                                   India
>>>  OK india.h_aw_brand                              Hermès
[31msetKeyValue(): [key=>h_aw_year,value=>1986,type=>FieldtypeText](B[m
>>>  OK india.h_aw_year                               1986
>>>  OK india.h_aw_person                             Caty Latham

======================================================================================
2021-08-20 India                          Caty Latham               2008            90x90             !!!!!!!! Caty Latham
>>>  OK 168-cathy-latham-audib.h_av_duty              Artist
[31mcreatePage(): data=[title=>India,h_aw_day0=>2021-08-20,h_aw_size=>90x90,h_aw_price=>1490,h_aw_brand=>5835,h_aw_year=>2008](B[m
[31msetKeyValue(): [key=>h_aw_day0,value=>2021-08-20,type=>FieldtypeText](B[m
>> Load india.h_aw_day0                               2021-08-20
>>>  OK 90x90.90x90                                   90x90
>> Load india.6188                                    90x90
[31msetKeyValue(): [key=>h_aw_price,value=>1490,type=>FieldtypeText](B[m
>> Load india.h_aw_price                              1490
>>>  OK india.h_aw_brand                              Hermès
>> Load india.h_aw_year                               2008
>>>  OK india.h_aw_person                             Caty Latham

======================================================================================
           Insectes                       Hugo& Grygkar&La Torre    1958                              !!!!!!!! Hugo Grygkar
>>>  OK 199-hugo-grygkar.h_av_duty                    Artist
           Insectes                       Hugo& Grygkar&La Torre    1958                              !!!!!!!! Gabriella La Torre
>>>  OK la-torre-1.h_av_duty                          Artist
[31mcreatePage(): data=[title=>Insectes,h_aw_brand=>5835,h_aw_year=>1958](B[m
[31mcreatePage(): PAGE ALREADY EXISTS selector="template=h_artwork, title=Insectes"(B[m
[31msetKeyValue(): [key=>title,value=>Insectes,type=>FieldtypePageTitleLanguage](B[m
>>>  OK insectes.title                                Insectes
>>>  OK insectes.h_aw_brand                           Hermès
[31msetKeyValue(): [key=>h_aw_year,value=>1958,type=>FieldtypeText](B[m
>>>  OK insectes.h_aw_year                            1958
>>>  OK insectes.h_aw_person                          Hugo Grygkar
>> Load insectes.5968|5798|6174                       La Torre

======================================================================================
[31mgetPage(): OK 1 - template=h_person, h_av_lastname~=Houtin, h_av_firstname~=François(B[m
2021-07-22 Jardins des metamorphose       François Houtin                                            !!!!!!!! François Houtin
[31mcreatePage(): data=[title=>François Houtin,h_av_firstname=>François,h_av_lastname=>Houtin,h_av_duty=>Artist](B[m
[31mcreatePage(): PAGE ALREADY EXISTS selector="template=h_person, title=François Houtin"(B[m
[31msetKeyValue(): [key=>title,value=>François Houtin,type=>FieldtypePageTitleLanguage](B[m
>>>  OK francois-houtin.title                         François Houtin
[31msetKeyValue(): [key=>h_av_firstname,value=>François,type=>FieldtypeTextLanguage](B[m
>>>  OK francois-houtin.h_av_firstname                François
[31msetKeyValue(): [key=>h_av_lastname,value=>Houtin,type=>FieldtypeTextLanguage](B[m
>>>  OK francois-houtin.h_av_lastname                 Houtin
>>>  OK francois-houtin.h_av_duty                     Artist
[31mcreatePage(): data=[title=>Jardins des metamorphose,h_aw_day0=>2021-07-22,h_aw_price=>1610,h_aw_brand=>5835](B[m
[31mcreatePage(): PAGE ALREADY EXISTS selector="template=h_artwork, title=Jardins des metamorphose"(B[m
[31msetKeyValue(): [key=>title,value=>Jardins des metamorphose,type=>FieldtypePageTitleLanguage](B[m
>>>  OK jardins-des-metamorpho.title                  Jardins des metamorphose
[31msetKeyValue(): [key=>h_aw_day0,value=>2021-07-22,type=>FieldtypeText](B[m
>>>  OK jardins-des-metamorpho.h_aw_day0              2021-07-22
[31msetKeyValue(): [key=>h_aw_price,value=>1610,type=>FieldtypeText](B[m
>> Load jardins-des-metamorpho.h_aw_price             1610
>> Load jardins-des-metamorpho.5835                   Hermès
[31msetKeyValue(): [key=>h_aw_person,value=>6106,type=>FieldtypePage,inputfield=>InputfieldAsmSelect](B[m
>> Load jardins-des-metamorpho.6106                   François Houtin

======================================================================================
           Jardins des métamorphoses     François Houtin          2010                              !!!!!!!! François Houtin
>>>  OK francois-houtin.h_av_duty                     Artist
[31mcreatePage(): data=[title=>Jardins des métamorphoses,h_aw_brand=>5835,h_aw_year=>2010](B[m
[31mcreatePage(): PAGE ALREADY EXISTS selector="template=h_artwork, title=Jardins des métamorphoses"(B[m
[31msetKeyValue(): [key=>title,value=>Jardins des métamorphoses,type=>FieldtypePageTitleLanguage](B[m
>>>  OK jardins-des-metamorpho.title                  Jardins des métamorphoses
>>>  OK jardins-des-metamorpho.h_aw_brand             Hermès
[31msetKeyValue(): [key=>h_aw_year,value=>2010,type=>FieldtypeText](B[m
>>>  OK jardins-des-metamorpho.h_aw_year              2010
>>>  OK jardins-des-metamorpho.h_aw_person            François Houtin

======================================================================================
[31mgetPage(): OK 1 - template=h_person, h_av_lastname~=Cassandre, h_av_firstname~=Anne Marie(B[m
2022-12-08 Jeu De Cartes                  Anne Marie Cassandre      2018                              !!!!!!!! Anne Marie Cassandre
[31mcreatePage(): data=[title=>Anne Marie Cassandre,h_av_firstname=>Anne Marie,h_av_lastname=>Cassandre,h_av_duty=>Artist](B[m
[31mcreatePage(): PAGE ALREADY EXISTS selector="template=h_person, title=Anne Marie Cassandre"(B[m
[31msetKeyValue(): [key=>title,value=>Anne Marie Cassandre,type=>FieldtypePageTitleLanguage](B[m
>>>  OK anne-marie-cassandre.title                    Anne Marie Cassandre
[31msetKeyValue(): [key=>h_av_firstname,value=>Anne Marie,type=>FieldtypeTextLanguage](B[m
>>>  OK anne-marie-cassandre.h_av_firstname           Anne Marie
[31msetKeyValue(): [key=>h_av_lastname,value=>Cassandre,type=>FieldtypeTextLanguage](B[m
>>>  OK anne-marie-cassandre.h_av_lastname            Cassandre
>>>  OK anne-marie-cassandre.h_av_duty                Artist
[31mcreatePage(): data=[title=>Jeu De Cartes,h_aw_day0=>2022-12-08,h_aw_brand=>5835,h_aw_year=>2018](B[m
[31mcreatePage(): PAGE ALREADY EXISTS selector="template=h_artwork, title=Jeu De Cartes"(B[m
[31msetKeyValue(): [key=>title,value=>Jeu De Cartes,type=>FieldtypePageTitleLanguage](B[m
>> Load jeu-de-cartes.title                           Jeu De Cartes
[31msetKeyValue(): [key=>h_aw_day0,value=>2022-12-08,type=>FieldtypeText](B[m
>>>  OK jeu-de-cartes.h_aw_day0                       2022-12-08
>>>  OK jeu-de-cartes.h_aw_brand                      Hermès
>>>  OK jeu-de-cartes.h_aw_year                       2018
[31msetKeyValue(): [key=>h_aw_person,value=>6177,type=>FieldtypePage,inputfield=>InputfieldAsmSelect](B[m
>>>  OK jeu-de-cartes.h_aw_person                     Anne Marie Cassandre

======================================================================================
2022-12-09 Jeu De Cartes                  Anne Marie Cassandre      2018            90x90             !!!!!!!! Anne Marie Cassandre
>>>  OK anne-marie-cassandre.h_av_duty                Artist
[31mcreatePage(): data=[title=>Jeu De Cartes,h_aw_day0=>2022-12-09,h_aw_size=>90x90,h_aw_price=>2090,h_aw_brand=>5835,h_aw_year=>2018](B[m
>>>  OK jeu-de-cartes.title                           Jeu De Cartes
[31msetKeyValue(): [key=>h_aw_day0,value=>2022-12-09,type=>FieldtypeText](B[m
>> Load jeu-de-cartes.h_aw_day0                       2022-12-09
>>>  OK 90x90.90x90                                   90x90
>> Load jeu-de-cartes.6188                            90x90
>> Load jeu-de-cartes.h_aw_price                      2090
>>>  OK jeu-de-cartes.h_aw_brand                      Hermès
>>>  OK jeu-de-cartes.h_aw_person                     Anne Marie Cassandre

======================================================================================
[31mgetPage(): OK 1 - template=h_person, h_av_lastname~=Pagni, h_av_firstname~=Gianpaolo(B[m
           Jeu de Omnibus et DameBlanche  Gianpaolo Pagni           2018                  Remix       !!!!!!!! Gianpaolo Pagni
[31mcreatePage(): data=[title=>Gianpaolo Pagni,h_av_firstname=>Gianpaolo,h_av_lastname=>Pagni,h_av_duty=>Artist](B[m
[31mcreatePage(): PAGE ALREADY EXISTS selector="template=h_person, title=Gianpaolo Pagni"(B[m
[31msetKeyValue(): [key=>title,value=>Gianpaolo Pagni,type=>FieldtypePageTitleLanguage](B[m
>>>  OK gianpaolo-pagni.title                         Gianpaolo Pagni
[31msetKeyValue(): [key=>h_av_firstname,value=>Gianpaolo,type=>FieldtypeTextLanguage](B[m
>>>  OK gianpaolo-pagni.h_av_firstname                Gianpaolo
[31msetKeyValue(): [key=>h_av_lastname,value=>Pagni,type=>FieldtypeTextLanguage](B[m
>>>  OK gianpaolo-pagni.h_av_lastname                 Pagni
>>>  OK gianpaolo-pagni.h_av_duty                     Artist
[31mcreatePage(): data=[title=>Jeu de Omnibus et DameBlanche,h_aw_more=>Remix,h_aw_brand=>5835,h_aw_year=>2018](B[m
[31mcreatePage(): PAGE ALREADY EXISTS selector="template=h_artwork, title=Jeu de Omnibus et DameBlanche"(B[m
[31msetKeyValue(): [key=>title,value=>Jeu de Omnibus et DameBlanche,type=>FieldtypePageTitleLanguage](B[m
>>>  OK 202-jeu-de-omnibus-et-.title                  Jeu de Omnibus et DameBlanche
[31msetKeyValue(): [key=>h_aw_more,value=>Remix,type=>FieldtypeText](B[m
>>>  OK 202-jeu-de-omnibus-et-.h_aw_more              Remix
>>>  OK 202-jeu-de-omnibus-et-.h_aw_brand             Hermès
>>>  OK 202-jeu-de-omnibus-et-.h_aw_year              2018
[31msetKeyValue(): [key=>h_aw_person,value=>6108,type=>FieldtypePage,inputfield=>InputfieldAsmSelect](B[m
>>>  OK 202-jeu-de-omnibus-et-.h_aw_person            Gianpaolo Pagni

======================================================================================
           L'Hiver                        Philippe Ledoux           1969(1968?)                       !!!!!!!! Philippe Ledoux
>>>  OK 224-philippe-ledoux.h_av_duty                 Artist
[31mcreatePage(): data=[title=>L'Hiver,h_aw_brand=>5835,h_aw_year=>1969(1968?)](B[m
[31mcreatePage(): PAGE ALREADY EXISTS selector="template=h_artwork, title="L'Hiver""(B[m
[31msetKeyValue(): [key=>title,value=>L'Hiver,type=>FieldtypePageTitleLanguage](B[m
>>>  OK lhiver.title                                  L'Hiver
>>>  OK lhiver.h_aw_brand                             Hermès
[31msetKeyValue(): [key=>h_aw_year,value=>1969(1968?),type=>FieldtypeText](B[m
>>>  OK lhiver.h_aw_year                              1969(1968?)
>>>  OK lhiver.h_aw_person                            Philippe Ledoux

======================================================================================
           L'art des steppes              Annie Faivre              1991/1997/2000                    !!!!!!!! Annie Faivre
>>>  OK 329-annie-faivre.h_av_duty                    Artist
[31mcreatePage(): data=[title=>L'art des steppes,h_aw_brand=>5835,h_aw_year=>1991/1997/2000](B[m
[31mcreatePage(): PAGE ALREADY EXISTS selector="template=h_artwork, title="L'art des steppes""(B[m
[31msetKeyValue(): [key=>title,value=>L'art des steppes,type=>FieldtypePageTitleLanguage](B[m
>>>  OK lart-des-steppes.title                        L'art des steppes
>>>  OK lart-des-steppes.h_aw_brand                   Hermès
[31msetKeyValue(): [key=>h_aw_year,value=>1991/1997/2000,type=>FieldtypeText](B[m
>>>  OK lart-des-steppes.h_aw_year                    1991/1997/2000
>>>  OK lart-des-steppes.h_aw_person                  Annie Faivre

======================================================================================
[31mgetPage(): OK 1 - template=h_person, h_av_lastname~=Koechlin, h_av_firstname~=Sophie(B[m
2023-03    L'art indien des plaines       Sophie Koechlin           2001                              !!!!!!!! Sophie Koechlin
[31mcreatePage(): data=[title=>Sophie Koechlin,h_av_firstname=>Sophie,h_av_lastname=>Koechlin,h_av_duty=>Artist](B[m
[31mcreatePage(): PAGE ALREADY EXISTS selector="template=h_person, title=Sophie Koechlin"(B[m
[31msetKeyValue(): [key=>title,value=>Sophie Koechlin,type=>FieldtypePageTitleLanguage](B[m
>>>  OK sophie-koechlin.title                         Sophie Koechlin
[31msetKeyValue(): [key=>h_av_firstname,value=>Sophie,type=>FieldtypeTextLanguage](B[m
>>>  OK sophie-koechlin.h_av_firstname                Sophie
[31msetKeyValue(): [key=>h_av_lastname,value=>Koechlin,type=>FieldtypeTextLanguage](B[m
>>>  OK sophie-koechlin.h_av_lastname                 Koechlin
>>>  OK sophie-koechlin.h_av_duty                     Artist
[31mcreatePage(): data=[title=>L'art indien des plaines,h_aw_day0=>2023-03,h_aw_brand=>5835,h_aw_year=>2001](B[m
[31mcreatePage(): PAGE ALREADY EXISTS selector="template=h_artwork, title="L'art indien des plaines""(B[m
[31msetKeyValue(): [key=>title,value=>L'art indien des plaines,type=>FieldtypePageTitleLanguage](B[m
>>>  OK lart-indien-des-plaine.title                  L'art indien des plaines
[31msetKeyValue(): [key=>h_aw_day0,value=>2023-03,type=>FieldtypeText](B[m
>>>  OK lart-indien-des-plaine.h_aw_day0              2023-03
>>>  OK lart-indien-des-plaine.h_aw_brand             Hermès
[31msetKeyValue(): [key=>h_aw_year,value=>2001,type=>FieldtypeText](B[m
>>>  OK lart-indien-des-plaine.h_aw_year              2001
[31msetKeyValue(): [key=>h_aw_person,value=>6111,type=>FieldtypePage,inputfield=>InputfieldAsmSelect](B[m
>>>  OK lart-indien-des-plaine.h_aw_person            Sophie Koechlin

======================================================================================
2009-11-09 La Flore                       Philippe Ledoux           1967                              !!!!!!!! Philippe Ledoux
>>>  OK 224-philippe-ledoux.h_av_duty                 Artist
[31mcreatePage(): data=[title=>La Flore,h_aw_day0=>2009-11-09,h_aw_brand=>5835,h_aw_year=>1967](B[m
[31mcreatePage(): PAGE ALREADY EXISTS selector="template=h_artwork, title=La Flore"(B[m
[31msetKeyValue(): [key=>title,value=>La Flore,type=>FieldtypePageTitleLanguage](B[m
>>>  OK flore.title                                   La Flore
>> Load flore.h_aw_day0                               2009-11-09
>>>  OK flore.h_aw_brand                              Hermès
[31msetKeyValue(): [key=>h_aw_year,value=>1967,type=>FieldtypeText](B[m
>>>  OK flore.h_aw_year                               1967
>>>  OK flore.h_aw_person                             Philippe Ledoux

======================================================================================
[31mgetPage(): OK 1 - template=h_person, h_av_lastname~=Henry, h_av_firstname~=Christine(B[m
           La mecanique des idees         Christine Henry           2004                              !!!!!!!! Christine Henry
[31mcreatePage(): data=[title=>Christine Henry,h_av_firstname=>Christine,h_av_lastname=>Henry,h_av_duty=>Artist](B[m
[31mcreatePage(): PAGE ALREADY EXISTS selector="template=h_person, title=Christine Henry"(B[m
[31msetKeyValue(): [key=>title,value=>Christine Henry,type=>FieldtypePageTitleLanguage](B[m
>>>  OK christine-henry.title                         Christine Henry
[31msetKeyValue(): [key=>h_av_firstname,value=>Christine,type=>FieldtypeTextLanguage](B[m
>>>  OK christine-henry.h_av_firstname                Christine
[31msetKeyValue(): [key=>h_av_lastname,value=>Henry,type=>FieldtypeTextLanguage](B[m
>>>  OK christine-henry.h_av_lastname                 Henry
>>>  OK christine-henry.h_av_duty                     Artist
[31mcreatePage(): data=[title=>La mecanique des idees,h_aw_brand=>5835,h_aw_year=>2004](B[m
[31mcreatePage(): PAGE ALREADY EXISTS selector="template=h_artwork, title=La mecanique des idees"(B[m
[31msetKeyValue(): [key=>title,value=>La mecanique des idees,type=>FieldtypePageTitleLanguage](B[m
>>>  OK la-mecanique-des-idees.title                  La mecanique des idees
>>>  OK la-mecanique-des-idees.h_aw_brand             Hermès
>>>  OK la-mecanique-des-idees.h_aw_year              2004
[31msetKeyValue(): [key=>h_aw_person,value=>6023,type=>FieldtypePage,inputfield=>InputfieldAsmSelect](B[m
>>>  OK la-mecanique-des-idees.h_aw_person            Christine Henry

======================================================================================
[31mgetPage(): OK 1 - template=h_person, h_av_lastname~=de Watrigant, h_av_firstname~=Hubert(B[m
           Le Carnaval de Venise          Hubert de Watrigant       1993/1997                         !!!!!!!! Hubert de Watrigant
[31mcreatePage(): data=[title=>Hubert de Watrigant,h_av_firstname=>Hubert,h_av_lastname=>de Watrigant,h_av_duty=>Artist](B[m
[31mcreatePage(): PAGE ALREADY EXISTS selector="template=h_person, title=Hubert de Watrigant"(B[m
[31msetKeyValue(): [key=>title,value=>Hubert de Watrigant,type=>FieldtypePageTitleLanguage](B[m
>>>  OK 326-hubert-de-watrigan.title                  Hubert de Watrigant
[31msetKeyValue(): [key=>h_av_firstname,value=>Hubert,type=>FieldtypeTextLanguage](B[m
>>>  OK 326-hubert-de-watrigan.h_av_firstname         Hubert
[31msetKeyValue(): [key=>h_av_lastname,value=>de Watrigant,type=>FieldtypeTextLanguage](B[m
>>>  OK 326-hubert-de-watrigan.h_av_lastname          de Watrigant
>>>  OK 326-hubert-de-watrigan.h_av_duty              Artist
[31mcreatePage(): data=[title=>Le Carnaval de Venise,h_aw_brand=>5835,h_aw_year=>1993/1997](B[m
[31mcreatePage(): PAGE ALREADY EXISTS selector="template=h_artwork, title=Le Carnaval de Venise"(B[m
[31msetKeyValue(): [key=>title,value=>Le Carnaval de Venise,type=>FieldtypePageTitleLanguage](B[m
>>>  OK le-carnaval-de-venise.title                   Le Carnaval de Venise
>>>  OK le-carnaval-de-venise.h_aw_brand              Hermès
[31msetKeyValue(): [key=>h_aw_year,value=>1993/1997,type=>FieldtypeText](B[m
>>>  OK le-carnaval-de-venise.h_aw_year               1993/1997
[31msetKeyValue(): [key=>h_aw_person,value=>5819,type=>FieldtypePage,inputfield=>InputfieldAsmSelect](B[m
>>>  OK le-carnaval-de-venise.h_aw_person             Hubert de Watrigant

======================================================================================
2020-01-17 Le Saut H                      Cyrille Diatkine                          90x90             !!!!!!!! Cyrille Diatkine
>>>  OK 309-cyrille-diatkine.h_av_duty                Artist
[31mcreatePage(): data=[title=>Le Saut H,h_aw_day0=>2020-01-17,h_aw_size=>90x90,h_aw_price=>1490,h_aw_brand=>5835](B[m
[31mcreatePage(): PAGE ALREADY EXISTS selector="template=h_artwork, title=Le Saut H"(B[m
[31msetKeyValue(): [key=>title,value=>Le Saut H,type=>FieldtypePageTitleLanguage](B[m
>> Load le-saut-h.title                               Le Saut H
[31msetKeyValue(): [key=>h_aw_day0,value=>2020-01-17,type=>FieldtypeText](B[m
>> Load le-saut-h.h_aw_day0                           2020-01-17
>>>  OK 90x90.90x90                                   90x90
>> Load le-saut-h.6188                                90x90
>> Load le-saut-h.h_aw_price                          1490
>>>  OK le-saut-h.h_aw_brand                          Hermès
>>>  OK le-saut-h.h_aw_person                         Cyrille Diatkine

======================================================================================
[31mgetPage(): OK 1 - template=h_person, h_av_lastname~=Pierre, h_av_firstname~=Marie(B[m
2025-06    Le sacres d'Hiver              Marie Pierre              2022                  G           !!!!!!!! Marie Pierre
[31mcreatePage(): data=[title=>Marie Pierre,h_av_firstname=>Marie,h_av_lastname=>Pierre,h_av_duty=>Artist](B[m
[31mcreatePage(): PAGE ALREADY EXISTS selector="template=h_person, title=Marie Pierre"(B[m
[31msetKeyValue(): [key=>title,value=>Marie Pierre,type=>FieldtypePageTitleLanguage](B[m
>>>  OK marie-pierre.title                            Marie Pierre
[31msetKeyValue(): [key=>h_av_firstname,value=>Marie,type=>FieldtypeTextLanguage](B[m
>>>  OK marie-pierre.h_av_firstname                   Marie
[31msetKeyValue(): [key=>h_av_lastname,value=>Pierre,type=>FieldtypeTextLanguage](B[m
>>>  OK marie-pierre.h_av_lastname                    Pierre
>>>  OK marie-pierre.h_av_duty                        Artist
[31mcreatePage(): data=[title=>Le sacres d'Hiver,h_aw_day0=>2025-06,h_aw_more=>G,h_aw_brand=>5835,h_aw_year=>2022](B[m
[31mcreatePage(): PAGE ALREADY EXISTS selector="template=h_artwork, title="Le sacres d'Hiver""(B[m
[31msetKeyValue(): [key=>title,value=>Le sacres d'Hiver,type=>FieldtypePageTitleLanguage](B[m
>>>  OK le-sacres-dhiver.title                        Le sacres d'Hiver
[31msetKeyValue(): [key=>h_aw_day0,value=>2025-06,type=>FieldtypeText](B[m
>>>  OK le-sacres-dhiver.h_aw_day0                    2025-06
>>>  OK le-sacres-dhiver.h_aw_more                    G
>>>  OK le-sacres-dhiver.h_aw_brand                   Hermès
[31msetKeyValue(): [key=>h_aw_year,value=>2022,type=>FieldtypeText](B[m
>>>  OK le-sacres-dhiver.h_aw_year                    2022
[31msetKeyValue(): [key=>h_aw_person,value=>6113,type=>FieldtypePage,inputfield=>InputfieldAsmSelect](B[m
>>>  OK le-sacres-dhiver.h_aw_person                  Marie Pierre

======================================================================================
           Le saut H                      Cyrille Diatkine          2016                              !!!!!!!! Cyrille Diatkine
>>>  OK 309-cyrille-diatkine.h_av_duty                Artist
[31mcreatePage(): data=[title=>Le saut H,h_aw_brand=>5835,h_aw_year=>2016](B[m
[31mcreatePage(): PAGE ALREADY EXISTS selector="template=h_artwork, title=Le saut H"(B[m
[31msetKeyValue(): [key=>title,value=>Le saut H,type=>FieldtypePageTitleLanguage](B[m
>> Load le-saut-h.title                               Le saut H
>>>  OK le-saut-h.h_aw_brand                          Hermès
[31msetKeyValue(): [key=>h_aw_year,value=>2016,type=>FieldtypeText](B[m
>>>  OK le-saut-h.h_aw_year                           2016
>>>  OK le-saut-h.h_aw_person                         Cyrille Diatkine

======================================================================================
           Le temps des marionnettes      Annie Faivre              1996                              !!!!!!!! Annie Faivre
>>>  OK 329-annie-faivre.h_av_duty                    Artist
[31mcreatePage(): data=[title=>Le temps des marionnettes,h_aw_brand=>5835,h_aw_year=>1996](B[m
[31mcreatePage(): PAGE ALREADY EXISTS selector="template=h_artwork, title=Le temps des marionnettes"(B[m
[31msetKeyValue(): [key=>title,value=>Le temps des marionnettes,type=>FieldtypePageTitleLanguage](B[m
>>>  OK le-temps-des-marionnet.title                  Le temps des marionnettes
>>>  OK le-temps-des-marionnet.h_aw_brand             Hermès
[31msetKeyValue(): [key=>h_aw_year,value=>1996,type=>FieldtypeText](B[m
>>>  OK le-temps-des-marionnet.h_aw_year              1996
>>>  OK le-temps-des-marionnet.h_aw_person            Annie Faivre

======================================================================================
           Les Chemins Secrets            Christine Henry           2015                  def 136/97  !!!!!!!! Christine Henry
>>>  OK christine-henry.h_av_duty                     Artist
[31mcreatePage(): data=[title=>Les Chemins Secrets,h_aw_more=>def 136/97,h_aw_brand=>5835,h_aw_year=>2015](B[m
[31mcreatePage(): PAGE ALREADY EXISTS selector="template=h_artwork, title=Les Chemins Secrets"(B[m
[31msetKeyValue(): [key=>title,value=>Les Chemins Secrets,type=>FieldtypePageTitleLanguage](B[m
>>>  OK les-chemins-secrets.title                     Les Chemins Secrets
[31msetKeyValue(): [key=>h_aw_more,value=>def 136/97,type=>FieldtypeText](B[m
>> Load les-chemins-secrets.h_aw_more                 def 136/97
>>>  OK les-chemins-secrets.h_aw_brand                Hermès
>>>  OK les-chemins-secrets.h_aw_year                 2015
>>>  OK les-chemins-secrets.h_aw_person               Christine Henry

======================================================================================
2024-05-26 Les Courses                                                                                ???????? AUTHOR PAGE
[31mcreatePage(): data=[title=>Les Courses,h_aw_day0=>2024-05-26,h_aw_price=>1800,h_aw_brand=>5835](B[m
[31mcreatePage(): PAGE ALREADY EXISTS selector="template=h_artwork, title=Les Courses"(B[m
[31msetKeyValue(): [key=>title,value=>Les Courses,type=>FieldtypePageTitleLanguage](B[m
>>>  OK les-courses.title                             Les Courses
[31msetKeyValue(): [key=>h_aw_day0,value=>2024-05-26,type=>FieldtypeText](B[m
>> Load les-courses.h_aw_day0                         2024-04 -> 2024-05-26
>> Load les-courses.h_aw_price                        1800
>>>  OK les-courses.h_aw_brand                        Hermès
[35mWARNING: Skip... Trying to assign h_aw_person=NullPage(B[m

======================================================================================
[31mgetPage(): OK 1 - template=h_person, h_av_lastname~=Benoist Gironiere, h_av_firstname~=Yves(B[m
2024-04    Les Courses                    Yves Benoist Gironiere    2004/2013                         !!!!!!!! Yves Benoist Gironiere
[31mcreatePage(): data=[title=>Yves Benoist Gironiere,h_av_firstname=>Yves,h_av_lastname=>Benoist Gironiere,h_av_duty=>Artist](B[m
[31mcreatePage(): PAGE ALREADY EXISTS selector="template=h_person, title=Yves Benoist Gironiere"(B[m
[31msetKeyValue(): [key=>title,value=>Yves Benoist Gironiere,type=>FieldtypePageTitleLanguage](B[m
>>>  OK yves-benoist-gironiere.title                  Yves Benoist Gironiere
[31msetKeyValue(): [key=>h_av_firstname,value=>Yves,type=>FieldtypeTextLanguage](B[m
>>>  OK yves-benoist-gironiere.h_av_firstname         Yves
[31msetKeyValue(): [key=>h_av_lastname,value=>Benoist Gironiere,type=>FieldtypeTextLanguage](B[m
>>>  OK yves-benoist-gironiere.h_av_lastname          Benoist Gironiere
>>>  OK yves-benoist-gironiere.h_av_duty              Artist
[31mcreatePage(): data=[title=>Les Courses,h_aw_day0=>2024-04,h_aw_brand=>5835,h_aw_year=>2004/2013](B[m
[31msetKeyValue(): [key=>h_aw_day0,value=>2024-04,type=>FieldtypeText](B[m
>> Load les-courses.h_aw_day0                         2024-05-26 -> 2024-04
>>>  OK les-courses.h_aw_brand                        Hermès
[31msetKeyValue(): [key=>h_aw_year,value=>2004/2013,type=>FieldtypeText](B[m
>>>  OK les-courses.h_aw_year                         2004/2013
[31msetKeyValue(): [key=>h_aw_person,value=>6116,type=>FieldtypePage,inputfield=>InputfieldAsmSelect](B[m
>>>  OK les-courses.h_aw_person                       Yves Benoist Gironiere

======================================================================================
2018-04-18 Les Folies Du Ciel             Loic Dubigeon                                               !!!!!!!! Loic Dubigeon
>>>  OK 226-loc-dubigeon.h_av_duty                    Artist
[31mcreatePage(): data=[title=>Les Folies Du Ciel,h_aw_day0=>2018-04-18,h_aw_price=>2300,h_aw_brand=>5835](B[m
[31mcreatePage(): PAGE ALREADY EXISTS selector="template=h_artwork, title=Les Folies Du Ciel"(B[m
[31msetKeyValue(): [key=>title,value=>Les Folies Du Ciel,type=>FieldtypePageTitleLanguage](B[m
>>>  OK 227-les-folies-du-ciel.title                  Les Folies Du Ciel
[31msetKeyValue(): [key=>h_aw_day0,value=>2018-04-18,type=>FieldtypeText](B[m
>> Load 227-les-folies-du-ciel.h_aw_day0              2018-04-18
[31msetKeyValue(): [key=>h_aw_price,value=>2300,type=>FieldtypeText](B[m
>> Load 227-les-folies-du-ciel.h_aw_price             2300
>>>  OK 227-les-folies-du-ciel.h_aw_brand             Hermès
>>>  OK 227-les-folies-du-ciel.h_aw_person            Loic Dubigeon

======================================================================================
           Les Folies Du Ciel             Loic Dubigeon             1984/1990                         !!!!!!!! Loic Dubigeon
>>>  OK 226-loc-dubigeon.h_av_duty                    Artist
[31mcreatePage(): data=[title=>Les Folies Du Ciel,h_aw_brand=>5835,h_aw_year=>1984/1990](B[m
>>>  OK 227-les-folies-du-ciel.h_aw_brand             Hermès
[31msetKeyValue(): [key=>h_aw_year,value=>1984/1990,type=>FieldtypeText](B[m
>>>  OK 227-les-folies-du-ciel.h_aw_year              1984/1990
>>>  OK 227-les-folies-du-ciel.h_aw_person            Loic Dubigeon

======================================================================================
           Les Nouveaux Amoureux de Paris Marie Pierre              2021                  B           !!!!!!!! Marie Pierre
>>>  OK marie-pierre.h_av_duty                        Artist
[31mcreatePage(): data=[title=>Les Nouveaux Amoureux de Paris,h_aw_more=>B,h_aw_brand=>5835,h_aw_year=>2021](B[m
[31mcreatePage(): PAGE ALREADY EXISTS selector="template=h_artwork, title=Les Nouveaux Amoureux de Paris"(B[m
[31msetKeyValue(): [key=>title,value=>Les Nouveaux Amoureux de Paris,type=>FieldtypePageTitleLanguage](B[m
>>>  OK les-nouveaux-amoureux-.title                  Les Nouveaux Amoureux de Paris
>> Load les-nouveaux-amoureux-.h_aw_more              B
>>>  OK les-nouveaux-amoureux-.h_aw_brand             Hermès
[31msetKeyValue(): [key=>h_aw_year,value=>2021,type=>FieldtypeText](B[m
>>>  OK les-nouveaux-amoureux-.h_aw_year              2021
>>>  OK les-nouveaux-amoureux-.h_aw_person            Marie Pierre

======================================================================================
[31mgetPage(): OK 1 - template=h_person, h_av_lastname~=Alamin, h_av_firstname~=Sefedin Ibrahim(B[m
2025-03    Les Perles de Tourkana         Sefedin Ibrahim Alamin    2002                              !!!!!!!! Sefedin Ibrahim Alamin
[31mcreatePage(): data=[title=>Sefedin Ibrahim Alamin,h_av_firstname=>Sefedin Ibrahim,h_av_lastname=>Alamin,h_av_duty=>Artist](B[m
[31mcreatePage(): PAGE ALREADY EXISTS selector="template=h_person, title=Sefedin Ibrahim Alamin"(B[m
[31msetKeyValue(): [key=>title,value=>Sefedin Ibrahim Alamin,type=>FieldtypePageTitleLanguage](B[m
>>>  OK sefedin-ibrahim-alamin.title                  Sefedin Ibrahim Alamin
[31msetKeyValue(): [key=>h_av_firstname,value=>Sefedin Ibrahim,type=>FieldtypeTextLanguage](B[m
>>>  OK sefedin-ibrahim-alamin.h_av_firstname         Sefedin Ibrahim
[31msetKeyValue(): [key=>h_av_lastname,value=>Alamin,type=>FieldtypeTextLanguage](B[m
>>>  OK sefedin-ibrahim-alamin.h_av_lastname          Alamin
>>>  OK sefedin-ibrahim-alamin.h_av_duty              Artist
[31mcreatePage(): data=[title=>Les Perles de Tourkana,h_aw_day0=>2025-03,h_aw_brand=>5835,h_aw_year=>2002](B[m
[31mcreatePage(): PAGE ALREADY EXISTS selector="template=h_artwork, title=Les Perles de Tourkana"(B[m
[31msetKeyValue(): [key=>title,value=>Les Perles de Tourkana,type=>FieldtypePageTitleLanguage](B[m
>>>  OK les-perles-de-tourkana.title                  Les Perles de Tourkana
[31msetKeyValue(): [key=>h_aw_day0,value=>2025-03,type=>FieldtypeText](B[m
>>>  OK les-perles-de-tourkana.h_aw_day0              2025-03
>>>  OK les-perles-de-tourkana.h_aw_brand             Hermès
[31msetKeyValue(): [key=>h_aw_year,value=>2002,type=>FieldtypeText](B[m
>>>  OK les-perles-de-tourkana.h_aw_year              2002
[31msetKeyValue(): [key=>h_aw_person,value=>6119,type=>FieldtypePage,inputfield=>InputfieldAsmSelect](B[m
>>>  OK les-perles-de-tourkana.h_aw_person            Sefedin Ibrahim Alamin

======================================================================================
2013-04-04 Les Tambours                   Joachim Metz              1989/1990                         !!!!!!!! Joachim Metz
>>>  OK 316-joachim-metz.h_av_duty                    Artist
[31mcreatePage(): data=[title=>Les Tambours,h_aw_day0=>2013-04-04,h_aw_brand=>5835,h_aw_year=>1989/1990](B[m
[31mcreatePage(): PAGE ALREADY EXISTS selector="template=h_artwork, title=Les Tambours"(B[m
[31msetKeyValue(): [key=>title,value=>Les Tambours,type=>FieldtypePageTitleLanguage](B[m
>>>  OK tambours.title                                Les Tambours
[31msetKeyValue(): [key=>h_aw_day0,value=>2013-04-04,type=>FieldtypeText](B[m
>> Load tambours.h_aw_day0                            2013-04-04
>>>  OK tambours.h_aw_brand                           Hermès
[31msetKeyValue(): [key=>h_aw_year,value=>1989/1990,type=>FieldtypeText](B[m
>>>  OK tambours.h_aw_year                            1989/1990
>>>  OK tambours.h_aw_person                          Joachim Metz

======================================================================================
           Les Voitures a Transformation  Françoise de La Perrière 1965/1980             3           !!!!!!!! Françoise de La Perrière
>>>  OK 282-franoise-de-la-per.h_av_duty              Artist
[31mcreatePage(): data=[title=>Les Voitures a Transformation,h_aw_more=>3,h_aw_brand=>5835,h_aw_year=>1965/1980](B[m
[31mcreatePage(): PAGE ALREADY EXISTS selector="template=h_artwork, title=Les Voitures a Transformation"(B[m
[31msetKeyValue(): [key=>title,value=>Les Voitures a Transformation,type=>FieldtypePageTitleLanguage](B[m
>>>  OK 281-les-voitures-trans.title                  Les Voitures a Transformation
[31msetKeyValue(): [key=>h_aw_more,value=>3,type=>FieldtypeText](B[m
>> Load 281-les-voitures-trans.h_aw_more              3
>>>  OK 281-les-voitures-trans.h_aw_brand             Hermès
[31msetKeyValue(): [key=>h_aw_year,value=>1965/1980,type=>FieldtypeText](B[m
>>>  OK 281-les-voitures-trans.h_aw_year              1965/1980
>>>  OK 281-les-voitures-trans.h_aw_person            Françoise de La Perrière

======================================================================================
           Levriers                       Xavier de Poret           1957/1970/2002                    !!!!!!!! Xavier de Poret
>>>  OK 318-xavier-de-poret.h_av_duty                 Artist
[31mcreatePage(): data=[title=>Levriers,h_aw_brand=>5835,h_aw_year=>1957/1970/2002](B[m
[31mcreatePage(): PAGE ALREADY EXISTS selector="template=h_artwork, title=Levriers"(B[m
[31msetKeyValue(): [key=>title,value=>Levriers,type=>FieldtypePageTitleLanguage](B[m
>>>  OK levriers.title                                Levriers
>>>  OK levriers.h_aw_brand                           Hermès
[31msetKeyValue(): [key=>h_aw_year,value=>1957/1970/2002,type=>FieldtypeText](B[m
>>>  OK levriers.h_aw_year                            1957/1970/2002
>>>  OK levriers.h_aw_person                          Xavier de Poret

======================================================================================
2022-02    Libre comme l'air              Annie Faivre              2003                              !!!!!!!! Annie Faivre
>>>  OK 329-annie-faivre.h_av_duty                    Artist
[31mcreatePage(): data=[title=>Libre comme l'air,h_aw_day0=>2022-02,h_aw_brand=>5835,h_aw_year=>2003](B[m
[31mcreatePage(): PAGE ALREADY EXISTS selector="template=h_artwork, title="Libre comme l'air""(B[m
[31msetKeyValue(): [key=>title,value=>Libre comme l'air,type=>FieldtypePageTitleLanguage](B[m
>>>  OK libre-comme-lair.title                        Libre comme l'air
[31msetKeyValue(): [key=>h_aw_day0,value=>2022-02,type=>FieldtypeText](B[m
>> Load libre-comme-lair.h_aw_day0                    2022-02
>>>  OK libre-comme-lair.h_aw_brand                   Hermès
>>>  OK libre-comme-lair.h_aw_year                    2003
>>>  OK libre-comme-lair.h_aw_person                  Annie Faivre

======================================================================================
2022-08    Ludovicus Magnus               Françoise de La Perrière 1963                              !!!!!!!! Françoise de La Perrière
>>>  OK 282-franoise-de-la-per.h_av_duty              Artist
[31mcreatePage(): data=[title=>Ludovicus Magnus,h_aw_day0=>2022-08,h_aw_brand=>5835,h_aw_year=>1963](B[m
[31mcreatePage(): PAGE ALREADY EXISTS selector="template=h_artwork, title=Ludovicus Magnus"(B[m
[31msetKeyValue(): [key=>title,value=>Ludovicus Magnus,type=>FieldtypePageTitleLanguage](B[m
>>>  OK ludovicus-magnus.title                        Ludovicus Magnus
[31msetKeyValue(): [key=>h_aw_day0,value=>2022-08,type=>FieldtypeText](B[m
>> Load ludovicus-magnus.h_aw_day0                    2022-08
>>>  OK ludovicus-magnus.h_aw_brand                   Hermès
>>>  OK ludovicus-magnus.h_aw_year                    1963
>>>  OK ludovicus-magnus.h_aw_person                  Françoise de La Perrière

======================================================================================
2020-02-14 L´Hiver                       Philippe Ledoux                           90x90             !!!!!!!! Philippe Ledoux
>>>  OK 224-philippe-ledoux.h_av_duty                 Artist
[31mcreatePage(): data=[title=>L´Hiver,h_aw_day0=>2020-02-14,h_aw_size=>90x90,h_aw_price=>1250,h_aw_brand=>5835](B[m
[31mpageName(): pageName(L´Hiver) = L´Hiver(B[m
[31mcreatePage(): PAGE CREATED selector:template=h_artwork, title=L´Hiver(B[m
[31msetKeyValue(): [key=>title,value=>L´Hiver,type=>FieldtypePageTitleLanguage](B[m
>> Load lhiver.title                                  L´Hiver
[31msetKeyValue(): [key=>h_aw_day0,value=>2020-02-14,type=>FieldtypeText](B[m
>> Load lhiver.h_aw_day0                              2020-02-14
>>>  OK 90x90.90x90                                   90x90
>> Load lhiver.6188                                   90x90
[31msetKeyValue(): [key=>h_aw_price,value=>1250,type=>FieldtypeText](B[m
>> Load lhiver.h_aw_price                             1250
>> Load lhiver.5835                                   Hermès
>> Load lhiver.5799                                   Philippe Ledoux

======================================================================================
2013-02-14 Magic Kelly                    Dimitri Rybaltchenko      2011                  EL          !!!!!!!! Dimitri Rybaltchenko
>>>  OK 186-dimitri-rybaltchen.h_av_duty              Artist
[31mcreatePage(): data=[title=>Magic Kelly,h_aw_day0=>2013-02-14,h_aw_more=>EL,h_aw_brand=>5835,h_aw_year=>2011](B[m
[31mcreatePage(): PAGE ALREADY EXISTS selector="template=h_artwork, title=Magic Kelly"(B[m
[31msetKeyValue(): [key=>title,value=>Magic Kelly,type=>FieldtypePageTitleLanguage](B[m
>>>  OK magic-kelly.title                             Magic Kelly
[31msetKeyValue(): [key=>h_aw_day0,value=>2013-02-14,type=>FieldtypeText](B[m
>> Load magic-kelly.h_aw_day0                         2013-02-14
>> Load magic-kelly.h_aw_more                         EL
>>>  OK magic-kelly.h_aw_brand                        Hermès
[31msetKeyValue(): [key=>h_aw_year,value=>2011,type=>FieldtypeText](B[m
>>>  OK magic-kelly.h_aw_year                         2011
>>>  OK magic-kelly.h_aw_person                       Dimitri Rybaltchenko

======================================================================================
           Maillons                       Caty Latham               1973                              !!!!!!!! Caty Latham
>>>  OK 168-cathy-latham-audib.h_av_duty              Artist
[31mcreatePage(): data=[title=>Maillons,h_aw_brand=>5835,h_aw_year=>1973](B[m
[31mcreatePage(): PAGE ALREADY EXISTS selector="template=h_artwork, title=Maillons"(B[m
[31msetKeyValue(): [key=>title,value=>Maillons,type=>FieldtypePageTitleLanguage](B[m
>>>  OK maillons.title                                Maillons
>>>  OK maillons.h_aw_brand                           Hermès
[31msetKeyValue(): [key=>h_aw_year,value=>1973,type=>FieldtypeText](B[m
>>>  OK maillons.h_aw_year                            1973
>>>  OK maillons.h_aw_person                          Caty Latham

======================================================================================
           Marche Flottant du Lac Inle II Dimitri Rybaltchenko      1998/2001                         !!!!!!!! Dimitri Rybaltchenko
>>>  OK 186-dimitri-rybaltchen.h_av_duty              Artist
[31mcreatePage(): data=[title=>Marche Flottant du Lac Inle II,h_aw_brand=>5835,h_aw_year=>1998/2001](B[m
[31mcreatePage(): PAGE ALREADY EXISTS selector="template=h_artwork, title=Marche Flottant du Lac Inle II"(B[m
[31msetKeyValue(): [key=>title,value=>Marche Flottant du Lac Inle II,type=>FieldtypePageTitleLanguage](B[m
>>>  OK marche-flottant-du-lac.title                  Marche Flottant du Lac Inle II
>>>  OK marche-flottant-du-lac.h_aw_brand             Hermès
[31msetKeyValue(): [key=>h_aw_year,value=>1998/2001,type=>FieldtypeText](B[m
>>>  OK marche-flottant-du-lac.h_aw_year              1998/2001
>>>  OK marche-flottant-du-lac.h_aw_person            Dimitri Rybaltchenko

======================================================================================
[31mgetPage(): OK 1 - template=h_person, h_av_lastname~=Duchesne, h_av_firstname~=Daphne(B[m
           Mare aux canards               Daphne Duchesne           1981                              !!!!!!!! Daphne Duchesne
[31mcreatePage(): data=[title=>Daphne Duchesne,h_av_firstname=>Daphne,h_av_lastname=>Duchesne,h_av_duty=>Artist](B[m
[31mcreatePage(): PAGE ALREADY EXISTS selector="template=h_person, title=Daphne Duchesne"(B[m
[31msetKeyValue(): [key=>title,value=>Daphne Duchesne,type=>FieldtypePageTitleLanguage](B[m
>>>  OK 317-daphne-duchesne.title                     Daphne Duchesne
[31msetKeyValue(): [key=>h_av_firstname,value=>Daphne,type=>FieldtypeTextLanguage](B[m
>>>  OK 317-daphne-duchesne.h_av_firstname            Daphne
[31msetKeyValue(): [key=>h_av_lastname,value=>Duchesne,type=>FieldtypeTextLanguage](B[m
>>>  OK 317-daphne-duchesne.h_av_lastname             Duchesne
>>>  OK 317-daphne-duchesne.h_av_duty                 Artist
[31mcreatePage(): data=[title=>Mare aux canards,h_aw_brand=>5835,h_aw_year=>1981](B[m
[31mcreatePage(): PAGE ALREADY EXISTS selector="template=h_artwork, title=Mare aux canards"(B[m
[31msetKeyValue(): [key=>title,value=>Mare aux canards,type=>FieldtypePageTitleLanguage](B[m
>>>  OK mare-aux-canards.title                        Mare aux canards
>>>  OK mare-aux-canards.h_aw_brand                   Hermès
[31msetKeyValue(): [key=>h_aw_year,value=>1981,type=>FieldtypeText](B[m
>>>  OK mare-aux-canards.h_aw_year                    1981
[31msetKeyValue(): [key=>h_aw_person,value=>5810,type=>FieldtypePage,inputfield=>InputfieldAsmSelect](B[m
>>>  OK mare-aux-canards.h_aw_person                  Daphne Duchesne

======================================================================================
           Marine et cavalerie            Philippe Ledoux           1966/1984                         !!!!!!!! Philippe Ledoux
>>>  OK 224-philippe-ledoux.h_av_duty                 Artist
[31mcreatePage(): data=[title=>Marine et cavalerie,h_aw_brand=>5835,h_aw_year=>1966/1984](B[m
[31mcreatePage(): PAGE ALREADY EXISTS selector="template=h_artwork, title=Marine et cavalerie"(B[m
[31msetKeyValue(): [key=>title,value=>Marine et cavalerie,type=>FieldtypePageTitleLanguage](B[m
>>>  OK marine-et-cavalerie.title                     Marine et cavalerie
>>>  OK marine-et-cavalerie.h_aw_brand                Hermès
[31msetKeyValue(): [key=>h_aw_year,value=>1966/1984,type=>FieldtypeText](B[m
>>>  OK marine-et-cavalerie.h_aw_year                 1966/1984
>>>  OK marine-et-cavalerie.h_aw_person               Philippe Ledoux

======================================================================================
2022-07    Mega chariot                   Daiske Nomura             2022                  G           !!!!!!!! Daiske Nomura
>>>  OK daiske-nomura-4.h_av_duty                     Artist
[31mcreatePage(): data=[title=>Mega chariot,h_aw_day0=>2022-07,h_aw_more=>G,h_aw_brand=>5835,h_aw_year=>2022](B[m
[31mcreatePage(): PAGE ALREADY EXISTS selector="template=h_artwork, title=Mega chariot"(B[m
[31msetKeyValue(): [key=>title,value=>Mega chariot,type=>FieldtypePageTitleLanguage](B[m
>>>  OK mega-chariot.title                            Mega chariot
[31msetKeyValue(): [key=>h_aw_day0,value=>2022-07,type=>FieldtypeText](B[m
>> Load mega-chariot.h_aw_day0                        2022-07
>> Load mega-chariot.h_aw_more                        G
>>>  OK mega-chariot.h_aw_brand                       Hermès
>>>  OK mega-chariot.h_aw_year                        2022
>>>  OK mega-chariot.h_aw_person                      Daiske Nomura

======================================================================================
[31mgetPage(): OK 1 - template=h_person, h_av_lastname~=Jardim, h_av_firstname~=Filipe(B[m
2022-09-08 Modernisme Tropical            Filipe Jardim             2016                              !!!!!!!! Filipe Jardim
[31mcreatePage(): data=[title=>Filipe Jardim,h_av_firstname=>Filipe,h_av_lastname=>Jardim,h_av_duty=>Artist](B[m
[31mcreatePage(): PAGE ALREADY EXISTS selector="template=h_person, title=Filipe Jardim"(B[m
[31msetKeyValue(): [key=>title,value=>Filipe Jardim,type=>FieldtypePageTitleLanguage](B[m
>>>  OK filipe-jardim.title                           Filipe Jardim
[31msetKeyValue(): [key=>h_av_firstname,value=>Filipe,type=>FieldtypeTextLanguage](B[m
>>>  OK filipe-jardim.h_av_firstname                  Filipe
[31msetKeyValue(): [key=>h_av_lastname,value=>Jardim,type=>FieldtypeTextLanguage](B[m
>>>  OK filipe-jardim.h_av_lastname                   Jardim
>>>  OK filipe-jardim.h_av_duty                       Artist
[31mcreatePage(): data=[title=>Modernisme Tropical,h_aw_day0=>2022-09-08,h_aw_brand=>5835,h_aw_year=>2016](B[m
[31mcreatePage(): PAGE ALREADY EXISTS selector="template=h_artwork, title=Modernisme Tropical"(B[m
[31msetKeyValue(): [key=>title,value=>Modernisme Tropical,type=>FieldtypePageTitleLanguage](B[m
>>>  OK modernisme-tropical.title                     Modernisme Tropical
[31msetKeyValue(): [key=>h_aw_day0,value=>2022-09-08,type=>FieldtypeText](B[m
>>>  OK modernisme-tropical.h_aw_day0                 2022-09-08
>>>  OK modernisme-tropical.h_aw_brand                Hermès
>>>  OK modernisme-tropical.h_aw_year                 2016
[31msetKeyValue(): [key=>h_aw_person,value=>6123,type=>FieldtypePage,inputfield=>InputfieldAsmSelect](B[m
>>>  OK modernisme-tropical.h_aw_person               Filipe Jardim

======================================================================================
2022-09-09 Modernisme Tropical            Filipe Jardim             2016            90x90             !!!!!!!! Filipe Jardim
>>>  OK filipe-jardim.h_av_duty                       Artist
[31mcreatePage(): data=[title=>Modernisme Tropical,h_aw_day0=>2022-09-09,h_aw_size=>90x90,h_aw_price=>2450,h_aw_brand=>5835,h_aw_year=>2016](B[m
[31msetKeyValue(): [key=>h_aw_day0,value=>2022-09-09,type=>FieldtypeText](B[m
>> Load modernisme-tropical.h_aw_day0                 2022-09-09
>>>  OK 90x90.90x90                                   90x90
>> Load modernisme-tropical.6188                      90x90
>> Load modernisme-tropical.h_aw_price                2450
>>>  OK modernisme-tropical.h_aw_brand                Hermès
>>>  OK modernisme-tropical.h_aw_person               Filipe Jardim

======================================================================================
[31mgetPage(): OK 1 - template=h_person, h_av_lastname~=Barret, h_av_firstname~=Bali(B[m
           Monsieur et Madame ll          Bali&Robert Barret&Dallet 2013                  Aне       !!!!!!!! Bali Barret
[31mcreatePage(): data=[title=>Bali Barret,h_av_firstname=>Bali,h_av_lastname=>Barret,h_av_duty=>Artist](B[m
[31mcreatePage(): PAGE ALREADY EXISTS selector="template=h_person, title=Bali Barret"(B[m
[31msetKeyValue(): [key=>title,value=>Bali Barret,type=>FieldtypePageTitleLanguage](B[m
>>>  OK 319-bali-barret.title                         Bali Barret
[31msetKeyValue(): [key=>h_av_firstname,value=>Bali,type=>FieldtypeTextLanguage](B[m
>>>  OK 319-bali-barret.h_av_firstname                Bali
[31msetKeyValue(): [key=>h_av_lastname,value=>Barret,type=>FieldtypeTextLanguage](B[m
>>>  OK 319-bali-barret.h_av_lastname                 Barret
>>>  OK 319-bali-barret.h_av_duty                     Artist
           Monsieur et Madame ll          Bali&Robert Barret&Dallet 2013                  Aне       !!!!!!!! Robert Dallet
>>>  OK robert-dallet.h_av_duty                       Artist
[31mcreatePage(): data=[title=>Monsieur et Madame ll,h_aw_more=>Aне,h_aw_brand=>5835,h_aw_year=>2013](B[m
[31mcreatePage(): PAGE ALREADY EXISTS selector="template=h_artwork, title=Monsieur et Madame ll"(B[m
[31msetKeyValue(): [key=>title,value=>Monsieur et Madame ll,type=>FieldtypePageTitleLanguage](B[m
>>>  OK monsieur-et-madame-ll.title                   Monsieur et Madame ll
[31msetKeyValue(): [key=>h_aw_more,value=>Aне,type=>FieldtypeText](B[m
>>>  OK monsieur-et-madame-ll.h_aw_more               Aне
>>>  OK monsieur-et-madame-ll.h_aw_brand              Hermès
[31msetKeyValue(): [key=>h_aw_year,value=>2013,type=>FieldtypeText](B[m
>>>  OK monsieur-et-madame-ll.h_aw_year               2013
[31msetKeyValue(): [key=>h_aw_person,value=>5812,type=>FieldtypePage,inputfield=>InputfieldAsmSelect](B[m
>>>  OK monsieur-et-madame-ll.h_aw_person             Bali Barret
>> Load monsieur-et-madame-ll.5973|5812               Bali Barret
>>>  OK monsieur-et-madame-ll.h_aw_person             Robert Dallet
>> Load monsieur-et-madame-ll.5812|5973               Robert Dallet

======================================================================================
           Monsieur et Madame             Bali Barret               2020(70)                          !!!!!!!! Bali Barret
>>>  OK 319-bali-barret.h_av_duty                     Artist
[31mcreatePage(): data=[title=>Monsieur et Madame,h_aw_brand=>5835,h_aw_year=>2020(70)](B[m
[31mcreatePage(): PAGE ALREADY EXISTS selector="template=h_artwork, title=Monsieur et Madame"(B[m
[31msetKeyValue(): [key=>title,value=>Monsieur et Madame,type=>FieldtypePageTitleLanguage](B[m
>>>  OK monsieur-et-madame.title                      Monsieur et Madame
>>>  OK monsieur-et-madame.h_aw_brand                 Hermès
[31msetKeyValue(): [key=>h_aw_year,value=>2020(70),type=>FieldtypeText](B[m
>>>  OK monsieur-et-madame.h_aw_year                  2020(70)
>>>  OK monsieur-et-madame.h_aw_person                Bali Barret

======================================================================================
2022-03    Mors a jouets chemise          Henri d'Origny            2019/2021                         !!!!!!!! Henri d'Origny
>>>  OK 314-henri-dorigny.h_av_duty                   Artist
[31mcreatePage(): data=[title=>Mors a jouets chemise,h_aw_day0=>2022-03,h_aw_brand=>5835,h_aw_year=>2019/2021](B[m
[31mcreatePage(): PAGE ALREADY EXISTS selector="template=h_artwork, title=Mors a jouets chemise"(B[m
[31msetKeyValue(): [key=>title,value=>Mors a jouets chemise,type=>FieldtypePageTitleLanguage](B[m
>>>  OK mors-a-jouets-chemise.title                   Mors a jouets chemise
[31msetKeyValue(): [key=>h_aw_day0,value=>2022-03,type=>FieldtypeText](B[m
>> Load mors-a-jouets-chemise.h_aw_day0               2022-03
>>>  OK mors-a-jouets-chemise.h_aw_brand              Hermès
[31msetKeyValue(): [key=>h_aw_year,value=>2019/2021,type=>FieldtypeText](B[m
>>>  OK mors-a-jouets-chemise.h_aw_year               2019/2021
>>>  OK mors-a-jouets-chemise.h_aw_person             Henri d'Origny

======================================================================================
           Mors a la conetable            Henri d'Origny            1970/1985                         !!!!!!!! Henri d'Origny
>>>  OK 314-henri-dorigny.h_av_duty                   Artist
[31mcreatePage(): data=[title=>Mors a la conetable,h_aw_brand=>5835,h_aw_year=>1970/1985](B[m
[31mcreatePage(): PAGE ALREADY EXISTS selector="template=h_artwork, title=Mors a la conetable"(B[m
[31msetKeyValue(): [key=>title,value=>Mors a la conetable,type=>FieldtypePageTitleLanguage](B[m
>>>  OK mors-a-la-conetable.title                     Mors a la conetable
>>>  OK mors-a-la-conetable.h_aw_brand                Hermès
[31msetKeyValue(): [key=>h_aw_year,value=>1970/1985,type=>FieldtypeText](B[m
>>>  OK mors-a-la-conetable.h_aw_year                 1970/1985
>>>  OK mors-a-la-conetable.h_aw_person               Henri d'Origny

======================================================================================
2022-04-09 Mors à Jouets                 Henri d'Origny            1982/2017       90x90             !!!!!!!! Henri d'Origny
>>>  OK 314-henri-dorigny.h_av_duty                   Artist
[31mcreatePage(): data=[title=>Mors à Jouets,h_aw_day0=>2022-04-09,h_aw_size=>90x90,h_aw_price=>2570,h_aw_brand=>5835,h_aw_year=>1982/2017](B[m
[31mpageName(): pageName(Mors à Jouets) = Mors à Jouets(B[m
[31mcreatePage(): PAGE CREATED selector:template=h_artwork, title=Mors à Jouets(B[m
[31msetKeyValue(): [key=>title,value=>Mors à Jouets,type=>FieldtypePageTitleLanguage](B[m
>> Load mors-a-jouets.title                           Mors à Jouets
[31msetKeyValue(): [key=>h_aw_day0,value=>2022-04-09,type=>FieldtypeText](B[m
>> Load mors-a-jouets.h_aw_day0                       2022-04-09
>>>  OK 90x90.90x90                                   90x90
>> Load mors-a-jouets.6188                            90x90
[31msetKeyValue(): [key=>h_aw_price,value=>2570,type=>FieldtypeText](B[m
>> Load mors-a-jouets.h_aw_price                      2570
>> Load mors-a-jouets.5835                            Hermès
[31msetKeyValue(): [key=>h_aw_year,value=>1982/2017,type=>FieldtypeText](B[m
>> Load mors-a-jouets.h_aw_year                       1982/2017
>> Load mors-a-jouets.5807                            Henri d'Origny

======================================================================================
[31mgetPage(): OK 1 - template=h_person, h_av_lastname~=Shirley, h_av_firstname~=Alice(B[m
2023-01    Mountain Zebra                 Alice Shirley             2020                  ES          !!!!!!!! Alice Shirley
[31mcreatePage(): data=[title=>Alice Shirley,h_av_firstname=>Alice,h_av_lastname=>Shirley,h_av_duty=>Artist](B[m
[31mcreatePage(): PAGE ALREADY EXISTS selector="template=h_person, title=Alice Shirley"(B[m
[31msetKeyValue(): [key=>title,value=>Alice Shirley,type=>FieldtypePageTitleLanguage](B[m
>>>  OK 325-alice-shirley.title                       Alice Shirley
[31msetKeyValue(): [key=>h_av_firstname,value=>Alice,type=>FieldtypeTextLanguage](B[m
>>>  OK 325-alice-shirley.h_av_firstname              Alice
[31msetKeyValue(): [key=>h_av_lastname,value=>Shirley,type=>FieldtypeTextLanguage](B[m
>>>  OK 325-alice-shirley.h_av_lastname               Shirley
>>>  OK 325-alice-shirley.h_av_duty                   Artist
[31mcreatePage(): data=[title=>Mountain Zebra,h_aw_day0=>2023-01,h_aw_more=>ES,h_aw_brand=>5835,h_aw_year=>2020](B[m
[31mcreatePage(): PAGE ALREADY EXISTS selector="template=h_artwork, title=Mountain Zebra"(B[m
[31msetKeyValue(): [key=>title,value=>Mountain Zebra,type=>FieldtypePageTitleLanguage](B[m
>>>  OK mountain-zebra.title                          Mountain Zebra
[31msetKeyValue(): [key=>h_aw_day0,value=>2023-01,type=>FieldtypeText](B[m
>>>  OK mountain-zebra.h_aw_day0                      2023-01
>>>  OK mountain-zebra.h_aw_more                      ES
>>>  OK mountain-zebra.h_aw_brand                     Hermès
>>>  OK mountain-zebra.h_aw_year                      2020
[31msetKeyValue(): [key=>h_aw_person,value=>5818,type=>FieldtypePage,inputfield=>InputfieldAsmSelect](B[m
>>>  OK mountain-zebra.h_aw_person                    Alice Shirley

======================================================================================
2012-11-01 Mozart                         Julie Abadie              1991                              !!!!!!!! Julie Abadie
>>>  OK 313-julia-abadie.h_av_duty                    Artist
[31mcreatePage(): data=[title=>Mozart,h_aw_day0=>2012-11-01,h_aw_brand=>5835,h_aw_year=>1991](B[m
[31mcreatePage(): PAGE ALREADY EXISTS selector="template=h_artwork, title=Mozart"(B[m
[31msetKeyValue(): [key=>title,value=>Mozart,type=>FieldtypePageTitleLanguage](B[m
>>>  OK mozart.title                                  Mozart
[31msetKeyValue(): [key=>h_aw_day0,value=>2012-11-01,type=>FieldtypeText](B[m
>> Load mozart.h_aw_day0                              2012-11-01
>>>  OK mozart.h_aw_brand                             Hermès
[31msetKeyValue(): [key=>h_aw_year,value=>1991,type=>FieldtypeText](B[m
>>>  OK mozart.h_aw_year                              1991
>>>  OK mozart.h_aw_person                            Julie Abadie

======================================================================================
2005-05-05 Muzerolles                     Christiane Vauzelles      1986                              !!!!!!!! Christiane Vauzelles
>>>  OK 167-christiane-vauzell.h_av_duty              Artist
[31mcreatePage(): data=[title=>Muzerolles,h_aw_day0=>2005-05-05,h_aw_brand=>5835,h_aw_year=>1986](B[m
[31mcreatePage(): PAGE ALREADY EXISTS selector="template=h_artwork, title=Muzerolles"(B[m
[31msetKeyValue(): [key=>title,value=>Muzerolles,type=>FieldtypePageTitleLanguage](B[m
>>>  OK muzerolles.title                              Muzerolles
[31msetKeyValue(): [key=>h_aw_day0,value=>2005-05-05,type=>FieldtypeText](B[m
>> Load muzerolles.h_aw_day0                          2005-05-05
>>>  OK muzerolles.h_aw_brand                         Hermès
>>>  OK muzerolles.h_aw_year                          1986
>>>  OK muzerolles.h_aw_person                        Christiane Vauzelles

======================================================================================
           Napoleon                       Philippe Ledoux           1963/1985                         !!!!!!!! Philippe Ledoux
>>>  OK 224-philippe-ledoux.h_av_duty                 Artist
[31mcreatePage(): data=[title=>Napoleon,h_aw_brand=>5835,h_aw_year=>1963/1985](B[m
[31mcreatePage(): PAGE ALREADY EXISTS selector="template=h_artwork, title=Napoleon"(B[m
[31msetKeyValue(): [key=>title,value=>Napoleon,type=>FieldtypePageTitleLanguage](B[m
>>>  OK napoleon.title                                Napoleon
>>>  OK napoleon.h_aw_brand                           Hermès
[31msetKeyValue(): [key=>h_aw_year,value=>1963/1985,type=>FieldtypeText](B[m
>>>  OK napoleon.h_aw_year                            1963/1985
>>>  OK napoleon.h_aw_person                          Philippe Ledoux

======================================================================================
           Palefroi                       Françoise de La Perrière 1965/1983                         !!!!!!!! Françoise de La Perrière
>>>  OK 282-franoise-de-la-per.h_av_duty              Artist
[31mcreatePage(): data=[title=>Palefroi,h_aw_brand=>5835,h_aw_year=>1965/1983](B[m
[31mcreatePage(): PAGE ALREADY EXISTS selector="template=h_artwork, title=Palefroi"(B[m
[31msetKeyValue(): [key=>title,value=>Palefroi,type=>FieldtypePageTitleLanguage](B[m
>>>  OK palefroi.title                                Palefroi
>>>  OK palefroi.h_aw_brand                           Hermès
[31msetKeyValue(): [key=>h_aw_year,value=>1965/1983,type=>FieldtypeText](B[m
>>>  OK palefroi.h_aw_year                            1965/1983
>>>  OK palefroi.h_aw_person                          Françoise de La Perrière

======================================================================================
2023-02    Panoplie Equestre              Virginie Jamin            2018                              !!!!!!!! Virginie Jamin
>>>  OK virginie-jamin.h_av_duty                      Artist
[31mcreatePage(): data=[title=>Panoplie Equestre,h_aw_day0=>2023-02,h_aw_brand=>5835,h_aw_year=>2018](B[m
[31mcreatePage(): PAGE ALREADY EXISTS selector="template=h_artwork, title=Panoplie Equestre"(B[m
[31msetKeyValue(): [key=>title,value=>Panoplie Equestre,type=>FieldtypePageTitleLanguage](B[m
>>>  OK panoplie-equestre.title                       Panoplie Equestre
[31msetKeyValue(): [key=>h_aw_day0,value=>2023-02,type=>FieldtypeText](B[m
>> Load panoplie-equestre.h_aw_day0                   2023-02
>>>  OK panoplie-equestre.h_aw_brand                  Hermès
>>>  OK panoplie-equestre.h_aw_year                   2018
>>>  OK panoplie-equestre.h_aw_person                 Virginie Jamin

======================================================================================
[31mgetPage(): OK 1 - template=h_person, h_av_lastname~=Stuhlhofer-Mayr, h_av_firstname~=Claudia(B[m
2022-04    Paperoles                      Claudia Stuhlhofer-Mayr   2000                  G           !!!!!!!! Claudia Stuhlhofer-Mayr
[31mcreatePage(): data=[title=>Claudia Stuhlhofer-Mayr,h_av_firstname=>Claudia,h_av_lastname=>Stuhlhofer-Mayr,h_av_duty=>Artist](B[m
[31mcreatePage(): PAGE ALREADY EXISTS selector="template=h_person, title=Claudia Stuhlhofer-Mayr"(B[m
[31msetKeyValue(): [key=>title,value=>Claudia Stuhlhofer-Mayr,type=>FieldtypePageTitleLanguage](B[m
>>>  OK claudia-stuhlhofer-may.title                  Claudia Stuhlhofer-Mayr
[31msetKeyValue(): [key=>h_av_firstname,value=>Claudia,type=>FieldtypeTextLanguage](B[m
>>>  OK claudia-stuhlhofer-may.h_av_firstname         Claudia
[31msetKeyValue(): [key=>h_av_lastname,value=>Stuhlhofer-Mayr,type=>FieldtypeTextLanguage](B[m
>>>  OK claudia-stuhlhofer-may.h_av_lastname          Stuhlhofer-Mayr
>>>  OK claudia-stuhlhofer-may.h_av_duty              Artist
[31mcreatePage(): data=[title=>Paperoles,h_aw_day0=>2022-04,h_aw_more=>G,h_aw_brand=>5835,h_aw_year=>2000](B[m
[31mcreatePage(): PAGE ALREADY EXISTS selector="template=h_artwork, title=Paperoles"(B[m
[31msetKeyValue(): [key=>title,value=>Paperoles,type=>FieldtypePageTitleLanguage](B[m
>>>  OK paperoles.title                               Paperoles
[31msetKeyValue(): [key=>h_aw_day0,value=>2022-04,type=>FieldtypeText](B[m
>>>  OK paperoles.h_aw_day0                           2022-04
>>>  OK paperoles.h_aw_more                           G
>>>  OK paperoles.h_aw_brand                          Hermès
>>>  OK paperoles.h_aw_year                           2000
[31msetKeyValue(): [key=>h_aw_person,value=>6129,type=>FieldtypePage,inputfield=>InputfieldAsmSelect](B[m
>>>  OK paperoles.h_aw_person                         Claudia Stuhlhofer-Mayr

======================================================================================
[31mgetPage(): OK 1 - template=h_person, h_av_lastname~=Burton, h_av_firstname~=Jonathan(B[m
           Parade                         Jonathan Burton                                 П Мини Twilly  !!!!!!!! Jonathan Burton
[31mcreatePage(): data=[title=>Jonathan Burton,h_av_firstname=>Jonathan,h_av_lastname=>Burton,h_av_duty=>Artist](B[m
[31mcreatePage(): PAGE ALREADY EXISTS selector="template=h_person, title=Jonathan Burton"(B[m
[31msetKeyValue(): [key=>title,value=>Jonathan Burton,type=>FieldtypePageTitleLanguage](B[m
>>>  OK jonathan-burton.title                         Jonathan Burton
[31msetKeyValue(): [key=>h_av_firstname,value=>Jonathan,type=>FieldtypeTextLanguage](B[m
>>>  OK jonathan-burton.h_av_firstname                Jonathan
[31msetKeyValue(): [key=>h_av_lastname,value=>Burton,type=>FieldtypeTextLanguage](B[m
>>>  OK jonathan-burton.h_av_lastname                 Burton
>>>  OK jonathan-burton.h_av_duty                     Artist
[31mcreatePage(): data=[title=>Parade,h_aw_more=>П Мини Twilly,h_aw_brand=>5835](B[m
[31mcreatePage(): PAGE ALREADY EXISTS selector="template=h_artwork, title=Parade"(B[m
[31msetKeyValue(): [key=>title,value=>Parade,type=>FieldtypePageTitleLanguage](B[m
>>>  OK parade.title                                  Parade
[31msetKeyValue(): [key=>h_aw_more,value=>П Мини Twilly,type=>FieldtypeText](B[m
>>>  OK parade.h_aw_more                              П Мини Twilly
>>>  OK parade.h_aw_brand                             Hermès
[31msetKeyValue(): [key=>h_aw_person,value=>6131,type=>FieldtypePage,inputfield=>InputfieldAsmSelect](B[m
>>>  OK parade.h_aw_person                            Jonathan Burton

======================================================================================
[31mgetPage(): OK 1 - template=h_person, h_av_lastname~=Honore, h_av_firstname~=Aline(B[m
2017-05-05 Parures de Samouraïs          Aline Honore              2017                              !!!!!!!! Aline Honore
[31mcreatePage(): data=[title=>Aline Honore,h_av_firstname=>Aline,h_av_lastname=>Honore,h_av_duty=>Artist](B[m
[31mcreatePage(): PAGE ALREADY EXISTS selector="template=h_person, title=Aline Honore"(B[m
[31msetKeyValue(): [key=>title,value=>Aline Honore,type=>FieldtypePageTitleLanguage](B[m
>>>  OK aline-honore.title                            Aline Honore
[31msetKeyValue(): [key=>h_av_firstname,value=>Aline,type=>FieldtypeTextLanguage](B[m
>>>  OK aline-honore.h_av_firstname                   Aline
[31msetKeyValue(): [key=>h_av_lastname,value=>Honore,type=>FieldtypeTextLanguage](B[m
>>>  OK aline-honore.h_av_lastname                    Honore
>>>  OK aline-honore.h_av_duty                        Artist
[31mcreatePage(): data=[title=>Parures de Samouraïs,h_aw_day0=>2017-05-05,h_aw_brand=>5835,h_aw_year=>2017](B[m
[31mcreatePage(): PAGE ALREADY EXISTS selector="template=h_artwork, title=Parures de Samouraïs"(B[m
[31msetKeyValue(): [key=>title,value=>Parures de Samouraïs,type=>FieldtypePageTitleLanguage](B[m
>>>  OK parures-de-samourais.title                    Parures de Samouraïs
[31msetKeyValue(): [key=>h_aw_day0,value=>2017-05-05,type=>FieldtypeText](B[m
>>>  OK parures-de-samourais.h_aw_day0                2017-05-05
>>>  OK parures-de-samourais.h_aw_brand               Hermès
>>>  OK parures-de-samourais.h_aw_year                2017
[31msetKeyValue(): [key=>h_aw_person,value=>6021,type=>FieldtypePage,inputfield=>InputfieldAsmSelect](B[m
>>>  OK parures-de-samourais.h_aw_person              Aline Honore

======================================================================================
[31mgetPage(): OK 1 - template=h_person, h_av_lastname~=Héron, h_av_firstname~=Marie-Françoise(B[m
           Passementerie                  Marie-Françoise Héron   1960/1981                         !!!!!!!! Marie-Françoise Héron
[31mcreatePage(): data=[title=>Marie-Françoise Héron,h_av_firstname=>Marie-Françoise,h_av_lastname=>Héron,h_av_duty=>Artist](B[m
[31mcreatePage(): PAGE ALREADY EXISTS selector="template=h_person, title=Marie-Françoise Héron"(B[m
[31msetKeyValue(): [key=>title,value=>Marie-Françoise Héron,type=>FieldtypePageTitleLanguage](B[m
>>>  OK 321-franoise-heron.title                      Marie-Françoise Héron
>>>  OK 321-franoise-heron.h_av_firstname             Marie-Françoise
[31msetKeyValue(): [key=>h_av_lastname,value=>Héron,type=>FieldtypeTextLanguage](B[m
>>>  OK 321-franoise-heron.h_av_lastname              Héron
>>>  OK 321-franoise-heron.h_av_duty                  Artist
[31mcreatePage(): data=[title=>Passementerie,h_aw_brand=>5835,h_aw_year=>1960/1981](B[m
[31mcreatePage(): PAGE ALREADY EXISTS selector="template=h_artwork, title=Passementerie"(B[m
[31msetKeyValue(): [key=>title,value=>Passementerie,type=>FieldtypePageTitleLanguage](B[m
>>>  OK passementerie.title                           Passementerie
>>>  OK passementerie.h_aw_brand                      Hermès
[31msetKeyValue(): [key=>h_aw_year,value=>1960/1981,type=>FieldtypeText](B[m
>>>  OK passementerie.h_aw_year                       1960/1981
[31msetKeyValue(): [key=>h_aw_person,value=>5814,type=>FieldtypePage,inputfield=>InputfieldAsmSelect](B[m
>>>  OK passementerie.h_aw_person                     Marie-Françoise Héron

======================================================================================
2022-09    Peinture fraiche               Dimitri Rybaltchenko      2012                              !!!!!!!! Dimitri Rybaltchenko
>>>  OK 186-dimitri-rybaltchen.h_av_duty              Artist
[31mcreatePage(): data=[title=>Peinture fraiche,h_aw_day0=>2022-09,h_aw_brand=>5835,h_aw_year=>2012](B[m
[31mcreatePage(): PAGE ALREADY EXISTS selector="template=h_artwork, title=Peinture fraiche"(B[m
[31msetKeyValue(): [key=>title,value=>Peinture fraiche,type=>FieldtypePageTitleLanguage](B[m
>>>  OK peinture-fraiche.title                        Peinture fraiche
[31msetKeyValue(): [key=>h_aw_day0,value=>2022-09,type=>FieldtypeText](B[m
>> Load peinture-fraiche.h_aw_day0                    2022-09
>>>  OK peinture-fraiche.h_aw_brand                   Hermès
>>>  OK peinture-fraiche.h_aw_year                    2012
>>>  OK peinture-fraiche.h_aw_person                  Dimitri Rybaltchenko

======================================================================================
[31mgetPage(): OK 1 - template=h_person, h_av_lastname~=Eudel, h_av_firstname~=Jacques(B[m
           Petits chevaux                 Jacques Eudel             1974                  G           !!!!!!!! Jacques Eudel
[31mcreatePage(): data=[title=>Jacques Eudel,h_av_firstname=>Jacques,h_av_lastname=>Eudel,h_av_duty=>Artist](B[m
[31mcreatePage(): PAGE ALREADY EXISTS selector="template=h_person, title=Jacques Eudel"(B[m
[31msetKeyValue(): [key=>title,value=>Jacques Eudel,type=>FieldtypePageTitleLanguage](B[m
>>>  OK jacques-eudel.title                           Jacques Eudel
[31msetKeyValue(): [key=>h_av_firstname,value=>Jacques,type=>FieldtypeTextLanguage](B[m
>>>  OK jacques-eudel.h_av_firstname                  Jacques
[31msetKeyValue(): [key=>h_av_lastname,value=>Eudel,type=>FieldtypeTextLanguage](B[m
>>>  OK jacques-eudel.h_av_lastname                   Eudel
>>>  OK jacques-eudel.h_av_duty                       Artist
[31mcreatePage(): data=[title=>Petits chevaux,h_aw_more=>G,h_aw_brand=>5835,h_aw_year=>1974](B[m
[31mcreatePage(): PAGE ALREADY EXISTS selector="template=h_artwork, title=Petits chevaux"(B[m
[31msetKeyValue(): [key=>title,value=>Petits chevaux,type=>FieldtypePageTitleLanguage](B[m
>>>  OK petits-chevaux.title                          Petits chevaux
>>>  OK petits-chevaux.h_aw_more                      G
>>>  OK petits-chevaux.h_aw_brand                     Hermès
[31msetKeyValue(): [key=>h_aw_year,value=>1974,type=>FieldtypeText](B[m
>>>  OK petits-chevaux.h_aw_year                      1974
[31msetKeyValue(): [key=>h_aw_person,value=>6022,type=>FieldtypePage,inputfield=>InputfieldAsmSelect](B[m
>>>  OK petits-chevaux.h_aw_person                    Jacques Eudel

======================================================================================
2022-05    Plumes                         Henri de Linares          1953                  G           !!!!!!!! Henri de Linares
>>>  OK 315-henri-de-linars.h_av_duty                 Artist
[31mcreatePage(): data=[title=>Plumes,h_aw_day0=>2022-05,h_aw_more=>G,h_aw_brand=>5835,h_aw_year=>1953](B[m
[31mcreatePage(): PAGE ALREADY EXISTS selector="template=h_artwork, title=Plumes"(B[m
[31msetKeyValue(): [key=>title,value=>Plumes,type=>FieldtypePageTitleLanguage](B[m
>>>  OK plumes.title                                  Plumes
[31msetKeyValue(): [key=>h_aw_day0,value=>2022-05,type=>FieldtypeText](B[m
>> Load plumes.h_aw_day0                              2022-05
>> Load plumes.h_aw_more                              G
>>>  OK plumes.h_aw_brand                             Hermès
[31msetKeyValue(): [key=>h_aw_year,value=>1953,type=>FieldtypeText](B[m
>>>  OK plumes.h_aw_year                              1953
>>>  OK plumes.h_aw_person                            Henri de Linares

======================================================================================
2016-04-30 Plumes                         Henri de Linares          1953/1964                         !!!!!!!! Henri de Linares
>>>  OK 315-henri-de-linars.h_av_duty                 Artist
[31mcreatePage(): data=[title=>Plumes,h_aw_day0=>2016-04-30,h_aw_brand=>5835,h_aw_year=>1953/1964](B[m
[31msetKeyValue(): [key=>h_aw_day0,value=>2016-04-30,type=>FieldtypeText](B[m
>> Load plumes.h_aw_day0                              2022-05 -> 2016-04-30
>>>  OK plumes.h_aw_brand                             Hermès
[31msetKeyValue(): [key=>h_aw_year,value=>1953/1964,type=>FieldtypeText](B[m
>> Load plumes.h_aw_year                              1953/1964
>>>  OK plumes.h_aw_person                            Henri de Linares

======================================================================================
2023-09-18 Pochette Hermès                                                         42x42 Hermes      ???????? AUTHOR PAGE
[31mcreatePage(): data=[title=>Pochette Hermès,h_aw_day0=>2023-09-18,h_aw_size=>42x42,h_aw_more=>Hermes,h_aw_price=>850,h_aw_brand=>5835](B[m
[31mpageName(): pageName(Pochette Hermès) = Pochette Hermès(B[m
[31mcreatePage(): PAGE CREATED selector:template=h_artwork, title=Pochette Hermès(B[m
[31msetKeyValue(): [key=>title,value=>Pochette Hermès,type=>FieldtypePageTitleLanguage](B[m
>> Load pochette-hermes.title                         Pochette Hermès
[31msetKeyValue(): [key=>h_aw_day0,value=>2023-09-18,type=>FieldtypeText](B[m
>> Load pochette-hermes.h_aw_day0                     2023-09-18
[31msetKeyValue(): [key=>h_aw_size,value=>42x42,type=>FieldtypePage,inputfield=>InputfieldSelect,derefAsPage=>1](B[m
[31mpageName(): pageName(42x42) = 42x42(B[m
>>>  OK 42x42.42x42                                   42x42
>> Load pochette-hermes.6190                          42x42
>> Load pochette-hermes.h_aw_more                     Hermes
[31msetKeyValue(): [key=>h_aw_price,value=>850,type=>FieldtypeText](B[m
>> Load pochette-hermes.h_aw_price                    850
>> Load pochette-hermes.5835                          Hermès
[35mWARNING: Skip... Trying to assign h_aw_person=NullPage(B[m

======================================================================================
[31mgetPage(): OK 1 - template=h_person, h_av_lastname~=Archives Hermès(B[m
           Printemps-Ete 69 A-H 70         Archives Hermès         2010                  G           !!!!!!!! Archives Hermès
[31mcreatePage(): data=[title=>Archives Hermès,h_av_lastname=>Archives Hermès,h_av_duty=>Artist](B[m
[31mcreatePage(): PAGE ALREADY EXISTS selector="template=h_person, title=Archives Hermès"(B[m
[31msetKeyValue(): [key=>title,value=>Archives Hermès,type=>FieldtypePageTitleLanguage](B[m
>>>  OK archives-hermes.title                         Archives Hermès
[31msetKeyValue(): [key=>h_av_lastname,value=>Archives Hermès,type=>FieldtypeTextLanguage](B[m
>>>  OK archives-hermes.h_av_lastname                 Archives Hermès
>>>  OK archives-hermes.h_av_duty                     Artist
[31mcreatePage(): data=[title=>Printemps-Ete 69 A-H 70,h_aw_more=>G,h_aw_brand=>5835,h_aw_year=>2010](B[m
[31mcreatePage(): PAGE ALREADY EXISTS selector="template=h_artwork, title=Printemps-Ete 69 A-H 70"(B[m
[31msetKeyValue(): [key=>title,value=>Printemps-Ete 69 A-H 70,type=>FieldtypePageTitleLanguage](B[m
>>>  OK printemps-ete-69-a-h-7.title                  Printemps-Ete 69 A-H 70
>>>  OK printemps-ete-69-a-h-7.h_aw_more              G
>>>  OK printemps-ete-69-a-h-7.h_aw_brand             Hermès
>>>  OK printemps-ete-69-a-h-7.h_aw_year              2010
[31msetKeyValue(): [key=>h_aw_person,value=>6134,type=>FieldtypePage,inputfield=>InputfieldAsmSelect](B[m
>>>  OK printemps-ete-69-a-h-7.h_aw_person            Archives Hermès

======================================================================================
           Promenade de Longchamp         Philippe Ledoux           1965/1970                         !!!!!!!! Philippe Ledoux
>>>  OK 224-philippe-ledoux.h_av_duty                 Artist
[31mcreatePage(): data=[title=>Promenade de Longchamp,h_aw_brand=>5835,h_aw_year=>1965/1970](B[m
[31mcreatePage(): PAGE ALREADY EXISTS selector="template=h_artwork, title=Promenade de Longchamp"(B[m
[31msetKeyValue(): [key=>title,value=>Promenade de Longchamp,type=>FieldtypePageTitleLanguage](B[m
>>>  OK promenade-de-longchamp.title                  Promenade de Longchamp
>>>  OK promenade-de-longchamp.h_aw_brand             Hermès
[31msetKeyValue(): [key=>h_aw_year,value=>1965/1970,type=>FieldtypeText](B[m
>>>  OK promenade-de-longchamp.h_aw_year              1965/1970
>>>  OK promenade-de-longchamp.h_aw_person            Philippe Ledoux

======================================================================================
2025-04    Proues                         Philippe Ledoux           1973                              !!!!!!!! Philippe Ledoux
>>>  OK 224-philippe-ledoux.h_av_duty                 Artist
[31mcreatePage(): data=[title=>Proues,h_aw_day0=>2025-04,h_aw_brand=>5835,h_aw_year=>1973](B[m
[31mcreatePage(): PAGE ALREADY EXISTS selector="template=h_artwork, title=Proues"(B[m
[31msetKeyValue(): [key=>title,value=>Proues,type=>FieldtypePageTitleLanguage](B[m
>>>  OK proues.title                                  Proues
[31msetKeyValue(): [key=>h_aw_day0,value=>2025-04,type=>FieldtypeText](B[m
>> Load proues.h_aw_day0                              2025-04
>>>  OK proues.h_aw_brand                             Hermès
>>>  OK proues.h_aw_year                              1973
>>>  OK proues.h_aw_person                            Philippe Ledoux

======================================================================================
2022-00    Qalamdan                       Catherine Baschet         1999                              !!!!!!!! Catherine Baschet
>>>  OK 322-catherine-baschet.h_av_duty               Artist
[31mcreatePage(): data=[title=>Qalamdan,h_aw_day0=>2022-00,h_aw_brand=>5835,h_aw_year=>1999](B[m
[31mcreatePage(): PAGE ALREADY EXISTS selector="template=h_artwork, title=Qalamdan"(B[m
[31msetKeyValue(): [key=>title,value=>Qalamdan,type=>FieldtypePageTitleLanguage](B[m
>>>  OK qalamdan.title                                Qalamdan
[31msetKeyValue(): [key=>h_aw_day0,value=>2022-00,type=>FieldtypeText](B[m
>> Load qalamdan.h_aw_day0                            2022-00
>>>  OK qalamdan.h_aw_brand                           Hermès
[31msetKeyValue(): [key=>h_aw_year,value=>1999,type=>FieldtypeText](B[m
>>>  OK qalamdan.h_aw_year                            1999
>>>  OK qalamdan.h_aw_person                          Catherine Baschet

======================================================================================
[31mgetPage(): OK 1 - template=h_person, h_av_lastname~=Peron, h_av_firstname~=Pierre(B[m
2024-06-13 Quadrige                       Pierre Peron              2019                              !!!!!!!! Pierre Peron
[31mcreatePage(): data=[title=>Pierre Peron,h_av_firstname=>Pierre,h_av_lastname=>Peron,h_av_duty=>Artist](B[m
[31mcreatePage(): PAGE ALREADY EXISTS selector="template=h_person, title=Pierre Peron"(B[m
[31msetKeyValue(): [key=>title,value=>Pierre Peron,type=>FieldtypePageTitleLanguage](B[m
>>>  OK pierre-peron.title                            Pierre Peron
[31msetKeyValue(): [key=>h_av_firstname,value=>Pierre,type=>FieldtypeTextLanguage](B[m
>>>  OK pierre-peron.h_av_firstname                   Pierre
[31msetKeyValue(): [key=>h_av_lastname,value=>Peron,type=>FieldtypeTextLanguage](B[m
>>>  OK pierre-peron.h_av_lastname                    Peron
>>>  OK pierre-peron.h_av_duty                        Artist
[31mcreatePage(): data=[title=>Quadrige,h_aw_day0=>2024-06-13,h_aw_brand=>5835,h_aw_year=>2019](B[m
[31mcreatePage(): PAGE ALREADY EXISTS selector="template=h_artwork, title=Quadrige"(B[m
[31msetKeyValue(): [key=>title,value=>Quadrige,type=>FieldtypePageTitleLanguage](B[m
>>>  OK quadrige.title                                Quadrige
[31msetKeyValue(): [key=>h_aw_day0,value=>2024-06-13,type=>FieldtypeText](B[m
>> Load quadrige.h_aw_day0                            2024-06-13
>>>  OK quadrige.h_aw_brand                           Hermès
[31msetKeyValue(): [key=>h_aw_year,value=>2019,type=>FieldtypeText](B[m
>>>  OK quadrige.h_aw_year                            2019
[31msetKeyValue(): [key=>h_aw_person,value=>6138,type=>FieldtypePage,inputfield=>InputfieldAsmSelect](B[m
>>>  OK quadrige.h_aw_person                          Pierre Peron

======================================================================================
2024-06-15 Quadrige                       Pierre Peron              2019            66x66             !!!!!!!! Pierre Peron
>>>  OK pierre-peron.h_av_duty                        Artist
[31mcreatePage(): data=[title=>Quadrige,h_aw_day0=>2024-06-15,h_aw_size=>66x66,h_aw_price=>2210,h_aw_brand=>5835,h_aw_year=>2019](B[m
[31msetKeyValue(): [key=>h_aw_day0,value=>2024-06-15,type=>FieldtypeText](B[m
>> Load quadrige.h_aw_day0                            2024-06-15
[31msetKeyValue(): [key=>h_aw_size,value=>66x66,type=>FieldtypePage,inputfield=>InputfieldSelect,derefAsPage=>1](B[m
>>>  OK quadrige.h_aw_size                            66x66
[31msetKeyValue(): [key=>h_aw_price,value=>2210,type=>FieldtypeText](B[m
>> Load quadrige.h_aw_price                           2210
>>>  OK quadrige.h_aw_brand                           Hermès
>>>  OK quadrige.h_aw_person                          Pierre Peron

======================================================================================
2020-01-31 RADO                                                                     90x90 RADO        ???????? AUTHOR PAGE
[31mgetPage(): OK 1 - template=h_brand, title~=RADO(B[m
[34mNOTICE: Detected brand RADO(B[m
[31mcreatePage(): data=[title=>RADO,h_aw_day0=>2020-01-31,h_aw_size=>90x90,h_aw_more=>RADO,h_aw_price=>620,h_aw_brand=>6172](B[m
[31mcreatePage(): PAGE ALREADY EXISTS selector="template=h_artwork, title=RADO"(B[m
[31msetKeyValue(): [key=>title,value=>RADO,type=>FieldtypePageTitleLanguage](B[m
>>>  OK rado.title                                    RADO
[31msetKeyValue(): [key=>h_aw_day0,value=>2020-01-31,type=>FieldtypeText](B[m
>>>  OK rado.h_aw_day0                                2020-01-31
>>>  OK 90x90.90x90                                   90x90
>> Load rado.6188                                     90x90
[31msetKeyValue(): [key=>h_aw_more,value=>RADO,type=>FieldtypeText](B[m
>> Load rado.h_aw_more                                RADO
[31msetKeyValue(): [key=>h_aw_price,value=>620,type=>FieldtypeText](B[m
>> Load rado.h_aw_price                               620
[31msetKeyValue(): [key=>h_aw_brand,value=>6172,type=>FieldtypePage,inputfield=>InputfieldAsmSelect,derefAsPage=>1](B[m
>> Load rado.6172                                     RADO
[35mWARNING: Skip... Trying to assign h_aw_person=NullPage(B[m

======================================================================================
           Real Escuela Andaluza Del Arte Ecuestre Hubert de Watrigant       1996/2000                         !!!!!!!! Hubert de Watrigant
>>>  OK 326-hubert-de-watrigan.h_av_duty              Artist
[31mcreatePage(): data=[title=>Real Escuela Andaluza Del Arte Ecuestre,h_aw_brand=>5835,h_aw_year=>1996/2000](B[m
[31mcreatePage(): PAGE ALREADY EXISTS selector="template=h_artwork, title=Real Escuela Andaluza Del Arte Ecuestre"(B[m
[31msetKeyValue(): [key=>title,value=>Real Escuela Andaluza Del Arte Ecuestre,type=>FieldtypePageTitleLanguage](B[m
>>>  OK escuela-andaluza.title                        Real Escuela Andaluza Del Arte Ecuestre
>>>  OK escuela-andaluza.h_aw_brand                   Hermès
[31msetKeyValue(): [key=>h_aw_year,value=>1996/2000,type=>FieldtypeText](B[m
>>>  OK escuela-andaluza.h_aw_year                    1996/2000
>>>  OK escuela-andaluza.h_aw_person                  Hubert de Watrigant

======================================================================================
           Reale                          Hugo Grygkar              1953/1990                         !!!!!!!! Hugo Grygkar
>>>  OK 199-hugo-grygkar.h_av_duty                    Artist
[31mcreatePage(): data=[title=>Reale,h_aw_brand=>5835,h_aw_year=>1953/1990](B[m
[31mcreatePage(): PAGE ALREADY EXISTS selector="template=h_artwork, title=Reale"(B[m
[31msetKeyValue(): [key=>title,value=>Reale,type=>FieldtypePageTitleLanguage](B[m
>>>  OK reale.title                                   Reale
>>>  OK reale.h_aw_brand                              Hermès
[31msetKeyValue(): [key=>h_aw_year,value=>1953/1990,type=>FieldtypeText](B[m
>>>  OK reale.h_aw_year                               1953/1990
>>>  OK reale.h_aw_person                             Hugo Grygkar

======================================================================================
[31mgetPage(): OK 1 - template=h_person, h_av_lastname~=Menchari, h_av_firstname~=Leila(B[m
           Regina                         Leila Menchari            1972                              !!!!!!!! Leila Menchari
[31mcreatePage(): data=[title=>Leila Menchari,h_av_firstname=>Leila,h_av_lastname=>Menchari,h_av_duty=>Artist](B[m
[31mcreatePage(): PAGE ALREADY EXISTS selector="template=h_person, title=Leila Menchari"(B[m
[31msetKeyValue(): [key=>title,value=>Leila Menchari,type=>FieldtypePageTitleLanguage](B[m
>>>  OK leila-menchari.title                          Leila Menchari
[31msetKeyValue(): [key=>h_av_firstname,value=>Leila,type=>FieldtypeTextLanguage](B[m
>>>  OK leila-menchari.h_av_firstname                 Leila
[31msetKeyValue(): [key=>h_av_lastname,value=>Menchari,type=>FieldtypeTextLanguage](B[m
>>>  OK leila-menchari.h_av_lastname                  Menchari
>>>  OK leila-menchari.h_av_duty                      Artist
[31mcreatePage(): data=[title=>Regina,h_aw_brand=>5835,h_aw_year=>1972](B[m
[31mcreatePage(): PAGE ALREADY EXISTS selector="template=h_artwork, title=Regina"(B[m
[31msetKeyValue(): [key=>title,value=>Regina,type=>FieldtypePageTitleLanguage](B[m
>>>  OK regina.title                                  Regina
>>>  OK regina.h_aw_brand                             Hermès
[31msetKeyValue(): [key=>h_aw_year,value=>1972,type=>FieldtypeText](B[m
>>>  OK regina.h_aw_year                              1972
[31msetKeyValue(): [key=>h_aw_person,value=>6140,type=>FieldtypePage,inputfield=>InputfieldAsmSelect](B[m
>>>  OK regina.h_aw_person                            Leila Menchari

======================================================================================
2021-10-09 Regina                         Leila Menchari            1972/1977/2002  90x90             !!!!!!!! Leila Menchari
>>>  OK leila-menchari.h_av_duty                      Artist
[31mcreatePage(): data=[title=>Regina,h_aw_day0=>2021-10-09,h_aw_size=>90x90,h_aw_price=>2210,h_aw_brand=>5835,h_aw_year=>1972/1977/2002](B[m
[31msetKeyValue(): [key=>h_aw_day0,value=>2021-10-09,type=>FieldtypeText](B[m
>> Load regina.h_aw_day0                              2021-10-09
>>>  OK 90x90.90x90                                   90x90
>> Load regina.6188                                   90x90
>> Load regina.h_aw_price                             2210
>>>  OK regina.h_aw_brand                             Hermès
[31msetKeyValue(): [key=>h_aw_year,value=>1972/1977/2002,type=>FieldtypeText](B[m
>> Load regina.h_aw_year                              1972/1977/2002
>>>  OK regina.h_aw_person                            Leila Menchari

======================================================================================
2024-02    Rencontre oceane               Annie Faivre              2001                              !!!!!!!! Annie Faivre
>>>  OK 329-annie-faivre.h_av_duty                    Artist
[31mcreatePage(): data=[title=>Rencontre oceane,h_aw_day0=>2024-02,h_aw_brand=>5835,h_aw_year=>2001](B[m
[31mcreatePage(): PAGE ALREADY EXISTS selector="template=h_artwork, title=Rencontre oceane"(B[m
[31msetKeyValue(): [key=>title,value=>Rencontre oceane,type=>FieldtypePageTitleLanguage](B[m
>>>  OK rencontre-oceane.title                        Rencontre oceane
[31msetKeyValue(): [key=>h_aw_day0,value=>2024-02,type=>FieldtypeText](B[m
>> Load rencontre-oceane.h_aw_day0                    2024-02
>>>  OK rencontre-oceane.h_aw_brand                   Hermès
>>>  OK rencontre-oceane.h_aw_year                    2001
>>>  OK rencontre-oceane.h_aw_person                  Annie Faivre

======================================================================================
           Reprise                        Philippe Ledoux           1970/1993                         !!!!!!!! Philippe Ledoux
>>>  OK 224-philippe-ledoux.h_av_duty                 Artist
[31mcreatePage(): data=[title=>Reprise,h_aw_brand=>5835,h_aw_year=>1970/1993](B[m
[31mcreatePage(): PAGE ALREADY EXISTS selector="template=h_artwork, title=Reprise"(B[m
[31msetKeyValue(): [key=>title,value=>Reprise,type=>FieldtypePageTitleLanguage](B[m
>> Load reprise.title                                 Reprise
>>>  OK reprise.h_aw_brand                            Hermès
[31msetKeyValue(): [key=>h_aw_year,value=>1970/1993,type=>FieldtypeText](B[m
>>>  OK reprise.h_aw_year                             1970/1993
>>>  OK reprise.h_aw_person                           Philippe Ledoux

======================================================================================
           Reveries japonaises            Caty Latham               1991                              !!!!!!!! Caty Latham
>>>  OK 168-cathy-latham-audib.h_av_duty              Artist
[31mcreatePage(): data=[title=>Reveries japonaises,h_aw_brand=>5835,h_aw_year=>1991](B[m
[31mcreatePage(): PAGE ALREADY EXISTS selector="template=h_artwork, title=Reveries japonaises"(B[m
[31msetKeyValue(): [key=>title,value=>Reveries japonaises,type=>FieldtypePageTitleLanguage](B[m
>>>  OK reveries-japonaises.title                     Reveries japonaises
>>>  OK reveries-japonaises.h_aw_brand                Hermès
>>>  OK reveries-japonaises.h_aw_year                 1991
>>>  OK reveries-japonaises.h_aw_person               Caty Latham

======================================================================================
           Rose de vents                  Joachim Metz              1984/2012                         !!!!!!!! Joachim Metz
>>>  OK 316-joachim-metz.h_av_duty                    Artist
[31mcreatePage(): data=[title=>Rose de vents,h_aw_brand=>5835,h_aw_year=>1984/2012](B[m
[31mcreatePage(): PAGE ALREADY EXISTS selector="template=h_artwork, title=Rose de vents"(B[m
[31msetKeyValue(): [key=>title,value=>Rose de vents,type=>FieldtypePageTitleLanguage](B[m
>>>  OK rose-de-vents.title                           Rose de vents
>>>  OK rose-de-vents.h_aw_brand                      Hermès
[31msetKeyValue(): [key=>h_aw_year,value=>1984/2012,type=>FieldtypeText](B[m
>>>  OK rose-de-vents.h_aw_year                       1984/2012
>>>  OK rose-de-vents.h_aw_person                     Joachim Metz

======================================================================================
[31mgetPage(): OK 1 - template=h_person, h_av_lastname~=Swildens, h_av_firstname~=Karin(B[m
           Ryton                          Karin Swildens            1978                              !!!!!!!! Karin Swildens
[31mcreatePage(): data=[title=>Karin Swildens,h_av_firstname=>Karin,h_av_lastname=>Swildens,h_av_duty=>Artist](B[m
[31mcreatePage(): PAGE ALREADY EXISTS selector="template=h_person, title=Karin Swildens"(B[m
[31msetKeyValue(): [key=>title,value=>Karin Swildens,type=>FieldtypePageTitleLanguage](B[m
>>>  OK karin-swildens.title                          Karin Swildens
[31msetKeyValue(): [key=>h_av_firstname,value=>Karin,type=>FieldtypeTextLanguage](B[m
>>>  OK karin-swildens.h_av_firstname                 Karin
[31msetKeyValue(): [key=>h_av_lastname,value=>Swildens,type=>FieldtypeTextLanguage](B[m
>>>  OK karin-swildens.h_av_lastname                  Swildens
>>>  OK karin-swildens.h_av_duty                      Artist
[31mcreatePage(): data=[title=>Ryton,h_aw_brand=>5835,h_aw_year=>1978](B[m
[31mcreatePage(): PAGE ALREADY EXISTS selector="template=h_artwork, title=Ryton"(B[m
[31msetKeyValue(): [key=>title,value=>Ryton,type=>FieldtypePageTitleLanguage](B[m
>>>  OK ryton.title                                   Ryton
>>>  OK ryton.h_aw_brand                              Hermès
[31msetKeyValue(): [key=>h_aw_year,value=>1978,type=>FieldtypeText](B[m
>>>  OK ryton.h_aw_year                               1978
[31msetKeyValue(): [key=>h_aw_person,value=>6019,type=>FieldtypePage,inputfield=>InputfieldAsmSelect](B[m
>>>  OK ryton.h_aw_person                             Karin Swildens

======================================================================================
           Sacre du printems              Henri d'Origny            1986                              !!!!!!!! Henri d'Origny
>>>  OK 314-henri-dorigny.h_av_duty                   Artist
[31mcreatePage(): data=[title=>Sacre du printems,h_aw_brand=>5835,h_aw_year=>1986](B[m
[31mcreatePage(): PAGE ALREADY EXISTS selector="template=h_artwork, title=Sacre du printems"(B[m
[31msetKeyValue(): [key=>title,value=>Sacre du printems,type=>FieldtypePageTitleLanguage](B[m
>>>  OK sacre-du-printems.title                       Sacre du printems
>>>  OK sacre-du-printems.h_aw_brand                  Hermès
>>>  OK sacre-du-printems.h_aw_year                   1986
>>>  OK sacre-du-printems.h_aw_person                 Henri d'Origny

======================================================================================
2025-05    Sangles                        Joachim Metz              1984                  G           !!!!!!!! Joachim Metz
>>>  OK 316-joachim-metz.h_av_duty                    Artist
[31mcreatePage(): data=[title=>Sangles,h_aw_day0=>2025-05,h_aw_more=>G,h_aw_brand=>5835,h_aw_year=>1984](B[m
[31mcreatePage(): PAGE ALREADY EXISTS selector="template=h_artwork, title=Sangles"(B[m
[31msetKeyValue(): [key=>title,value=>Sangles,type=>FieldtypePageTitleLanguage](B[m
>>>  OK sangles.title                                 Sangles
[31msetKeyValue(): [key=>h_aw_day0,value=>2025-05,type=>FieldtypeText](B[m
>> Load sangles.h_aw_day0                             2025-05
>> Load sangles.h_aw_more                             G
>>>  OK sangles.h_aw_brand                            Hermès
[31msetKeyValue(): [key=>h_aw_year,value=>1984,type=>FieldtypeText](B[m
>>>  OK sangles.h_aw_year                             1984
>>>  OK sangles.h_aw_person                           Joachim Metz

======================================================================================
           Selles a housse                Christiane Vauzelles      1968/1989                         !!!!!!!! Christiane Vauzelles
>>>  OK 167-christiane-vauzell.h_av_duty              Artist
[31mcreatePage(): data=[title=>Selles a housse,h_aw_brand=>5835,h_aw_year=>1968/1989](B[m
[31mcreatePage(): PAGE ALREADY EXISTS selector="template=h_artwork, title=Selles a housse"(B[m
[31msetKeyValue(): [key=>title,value=>Selles a housse,type=>FieldtypePageTitleLanguage](B[m
>>>  OK selles-a-housse.title                         Selles a housse
>>>  OK selles-a-housse.h_aw_brand                    Hermès
[31msetKeyValue(): [key=>h_aw_year,value=>1968/1989,type=>FieldtypeText](B[m
>>>  OK selles-a-housse.h_aw_year                     1968/1989
>>>  OK selles-a-housse.h_aw_person                   Christiane Vauzelles

======================================================================================
2023-07    Sous Le Cèdre                 Dimitri Rybaltchenko      1998                              !!!!!!!! Dimitri Rybaltchenko
>>>  OK 186-dimitri-rybaltchen.h_av_duty              Artist
[31mcreatePage(): data=[title=>Sous Le Cèdre,h_aw_day0=>2023-07,h_aw_brand=>5835,h_aw_year=>1998](B[m
[31mcreatePage(): PAGE ALREADY EXISTS selector="template=h_artwork, title=Sous Le Cèdre"(B[m
[31msetKeyValue(): [key=>title,value=>Sous Le Cèdre,type=>FieldtypePageTitleLanguage](B[m
>>>  OK sous-le-cedre.title                           Sous Le Cèdre
[31msetKeyValue(): [key=>h_aw_day0,value=>2023-07,type=>FieldtypeText](B[m
>> Load sous-le-cedre.h_aw_day0                       2023-07
>>>  OK sous-le-cedre.h_aw_brand                      Hermès
[31msetKeyValue(): [key=>h_aw_year,value=>1998,type=>FieldtypeText](B[m
>>>  OK sous-le-cedre.h_aw_year                       1998
>>>  OK sous-le-cedre.h_aw_person                     Dimitri Rybaltchenko

======================================================================================
2023-08-14 Sous le Cédre                 Dimitri Rybaltchenko                            Hermes      !!!!!!!! Dimitri Rybaltchenko
>>>  OK 186-dimitri-rybaltchen.h_av_duty              Artist
[31mcreatePage(): data=[title=>Sous le Cédre,h_aw_day0=>2023-08-14,h_aw_more=>Hermes,h_aw_price=>1975,h_aw_brand=>5835](B[m
[31mcreatePage(): PAGE ALREADY EXISTS selector="template=h_artwork, title=Sous le Cédre"(B[m
[31msetKeyValue(): [key=>title,value=>Sous le Cédre,type=>FieldtypePageTitleLanguage](B[m
>> Load sous-le-cedre.title                           Sous le Cédre
[31msetKeyValue(): [key=>h_aw_day0,value=>2023-08-14,type=>FieldtypeText](B[m
>> Load sous-le-cedre.h_aw_day0                       2023-07 -> 2023-08-14
>> Load sous-le-cedre.h_aw_more                       Hermes
[31msetKeyValue(): [key=>h_aw_price,value=>1975,type=>FieldtypeText](B[m
>> Load sous-le-cedre.h_aw_price                      1975
>>>  OK sous-le-cedre.h_aw_brand                      Hermès
>>>  OK sous-le-cedre.h_aw_person                     Dimitri Rybaltchenko

======================================================================================
           Splendeur des maharadjas       Catherine Baschet         1996/2001                         !!!!!!!! Catherine Baschet
>>>  OK 322-catherine-baschet.h_av_duty               Artist
[31mcreatePage(): data=[title=>Splendeur des maharadjas,h_aw_brand=>5835,h_aw_year=>1996/2001](B[m
[31mcreatePage(): PAGE ALREADY EXISTS selector="template=h_artwork, title=Splendeur des maharadjas"(B[m
[31msetKeyValue(): [key=>title,value=>Splendeur des maharadjas,type=>FieldtypePageTitleLanguage](B[m
>>>  OK splendeur-des-maharadj.title                  Splendeur des maharadjas
>>>  OK splendeur-des-maharadj.h_aw_brand             Hermès
[31msetKeyValue(): [key=>h_aw_year,value=>1996/2001,type=>FieldtypeText](B[m
>>>  OK splendeur-des-maharadj.h_aw_year              1996/2001
>>>  OK splendeur-des-maharadj.h_aw_person            Catherine Baschet

======================================================================================
           Springs                        Philippe Ledoux           1974/1981                         !!!!!!!! Philippe Ledoux
>>>  OK 224-philippe-ledoux.h_av_duty                 Artist
[31mcreatePage(): data=[title=>Springs,h_aw_brand=>5835,h_aw_year=>1974/1981](B[m
[31mcreatePage(): PAGE ALREADY EXISTS selector="template=h_artwork, title=Springs"(B[m
[31msetKeyValue(): [key=>title,value=>Springs,type=>FieldtypePageTitleLanguage](B[m
>>>  OK springs.title                                 Springs
>>>  OK springs.h_aw_brand                            Hermès
[31msetKeyValue(): [key=>h_aw_year,value=>1974/1981,type=>FieldtypeText](B[m
>>>  OK springs.h_aw_year                             1974/1981
>>>  OK springs.h_aw_person                           Philippe Ledoux

======================================================================================
           Sulfures & presse-papiers      Caty Latham               1979                              !!!!!!!! Caty Latham
>>>  OK 168-cathy-latham-audib.h_av_duty              Artist
[31mcreatePage(): data=[title=>Sulfures & presse-papiers,h_aw_brand=>5835,h_aw_year=>1979](B[m
[31mcreatePage(): PAGE ALREADY EXISTS selector="template=h_artwork, title=Sulfures & presse-papiers"(B[m
[31msetKeyValue(): [key=>title,value=>Sulfures & presse-papiers,type=>FieldtypePageTitleLanguage](B[m
>>>  OK sulfures-presse-papier.title                  Sulfures & presse-papiers
>>>  OK sulfures-presse-papier.h_aw_brand             Hermès
[31msetKeyValue(): [key=>h_aw_year,value=>1979,type=>FieldtypeText](B[m
>>>  OK sulfures-presse-papier.h_aw_year              1979
>>>  OK sulfures-presse-papier.h_aw_person            Caty Latham

======================================================================================
           Tarot                          Annie Faivre              1991                              !!!!!!!! Annie Faivre
>>>  OK 329-annie-faivre.h_av_duty                    Artist
[31mcreatePage(): data=[title=>Tarot,h_aw_brand=>5835,h_aw_year=>1991](B[m
[31mpageName(): pageName(Tarot) = Tarot(B[m
[31mcreatePage(): PAGE CREATED selector:template=h_artwork, title=Tarot(B[m
[31msetKeyValue(): [key=>title,value=>Tarot,type=>FieldtypePageTitleLanguage](B[m
>> Load tarot.title                                   Tarot
>> Load tarot.5835                                    Hermès
>> Load tarot.h_aw_year                               1991
>> Load tarot.5822                                    Annie Faivre

======================================================================================
[31mgetPage(): OK 1 - template=h_person, h_av_lastname~=Ardmore Artists(B[m
2025-10-09 The Savana Dance                Ardmore Artists          2016                  G           !!!!!!!! Ardmore Artists
[31mcreatePage(): data=[title=>Ardmore Artists,h_av_lastname=>Ardmore Artists,h_av_duty=>Artist](B[m
[31mcreatePage(): PAGE ALREADY EXISTS selector="template=h_person, title=Ardmore Artists"(B[m
[31msetKeyValue(): [key=>title,value=>Ardmore Artists,type=>FieldtypePageTitleLanguage](B[m
>>>  OK ardmore-artists.title                         Ardmore Artists
[31msetKeyValue(): [key=>h_av_lastname,value=>Ardmore Artists,type=>FieldtypeTextLanguage](B[m
>>>  OK ardmore-artists.h_av_lastname                 Ardmore Artists
>>>  OK ardmore-artists.h_av_duty                     Artist
[31mcreatePage(): data=[title=>The Savana Dance,h_aw_day0=>2025-10-09,h_aw_more=>G,h_aw_brand=>5835,h_aw_year=>2016](B[m
[31mcreatePage(): PAGE ALREADY EXISTS selector="template=h_artwork, title=The Savana Dance"(B[m
[31msetKeyValue(): [key=>title,value=>The Savana Dance,type=>FieldtypePageTitleLanguage](B[m
>>>  OK the-savana-dance.title                        The Savana Dance
[31msetKeyValue(): [key=>h_aw_day0,value=>2025-10-09,type=>FieldtypeText](B[m
>>>  OK the-savana-dance.h_aw_day0                    2025-10-09
>>>  OK the-savana-dance.h_aw_more                    G
>>>  OK the-savana-dance.h_aw_brand                   Hermès
>>>  OK the-savana-dance.h_aw_year                    2016
[31msetKeyValue(): [key=>h_aw_person,value=>6145,type=>FieldtypePage,inputfield=>InputfieldAsmSelect](B[m
>>>  OK the-savana-dance.h_aw_person                  Ardmore Artists

======================================================================================
2025-10-10 The Savana Dance                Ardmore Artists          2016            42x42 G           !!!!!!!! Ardmore Artists
>>>  OK ardmore-artists.h_av_duty                     Artist
[31mcreatePage(): data=[title=>The Savana Dance,h_aw_day0=>2025-10-10,h_aw_size=>42x42,h_aw_more=>G,h_aw_price=>1970,h_aw_brand=>5835,h_aw_year=>2016](B[m
[31msetKeyValue(): [key=>h_aw_day0,value=>2025-10-10,type=>FieldtypeText](B[m
>> Load the-savana-dance.h_aw_day0                    2025-10-10
>>>  OK the-savana-dance.h_aw_size                    42x42
>> Load the-savana-dance.h_aw_price                   1970
>>>  OK the-savana-dance.h_aw_brand                   Hermès
>>>  OK the-savana-dance.h_aw_person                  Ardmore Artists

======================================================================================
2022-04-02 The sign of excellence                                                   90x90 Omega       ???????? AUTHOR PAGE
[31mgetPage(): OK 1 - template=h_brand, title~=Omega(B[m
[34mNOTICE: Detected brand Omega(B[m
[31mcreatePage(): data=[title=>The sign of excellence,h_aw_day0=>2022-04-02,h_aw_size=>90x90,h_aw_more=>Omega,h_aw_price=>830,h_aw_brand=>6171](B[m
[31mcreatePage(): PAGE ALREADY EXISTS selector="template=h_artwork, title=The sign of excellence"(B[m
[31msetKeyValue(): [key=>title,value=>The sign of excellence,type=>FieldtypePageTitleLanguage](B[m
>>>  OK the-sign-of-excellence.title                  The sign of excellence
[31msetKeyValue(): [key=>h_aw_day0,value=>2022-04-02,type=>FieldtypeText](B[m
>>>  OK the-sign-of-excellence.h_aw_day0              2022-04-02
>>>  OK 90x90.90x90                                   90x90
>> Load the-sign-of-excellence.6188                   90x90
[31msetKeyValue(): [key=>h_aw_more,value=>Omega,type=>FieldtypeText](B[m
>> Load the-sign-of-excellence.h_aw_more              Omega
[31msetKeyValue(): [key=>h_aw_price,value=>830,type=>FieldtypeText](B[m
>> Load the-sign-of-excellence.h_aw_price             830
[31msetKeyValue(): [key=>h_aw_brand,value=>6171,type=>FieldtypePage,inputfield=>InputfieldAsmSelect,derefAsPage=>1](B[m
>> Load the-sign-of-excellence.6171                   Omega
[35mWARNING: Skip... Trying to assign h_aw_person=NullPage(B[m

======================================================================================
2021-03-17 Torana                         Annie Faivre                              42x42 G           !!!!!!!! Annie Faivre
>>>  OK 329-annie-faivre.h_av_duty                    Artist
[31mcreatePage(): data=[title=>Torana,h_aw_day0=>2021-03-17,h_aw_size=>42x42,h_aw_more=>G,h_aw_price=>1010,h_aw_brand=>5835](B[m
[31mcreatePage(): PAGE ALREADY EXISTS selector="template=h_artwork, title=Torana"(B[m
[31msetKeyValue(): [key=>title,value=>Torana,type=>FieldtypePageTitleLanguage](B[m
>>>  OK torana.title                                  Torana
[31msetKeyValue(): [key=>h_aw_day0,value=>2021-03-17,type=>FieldtypeText](B[m
>> Load torana.h_aw_day0                              2021-03-17
>>>  OK 42x42.42x42                                   42x42
>> Load torana.6190                                   42x42
>> Load torana.h_aw_more                              G
[31msetKeyValue(): [key=>h_aw_price,value=>1010,type=>FieldtypeText](B[m
>> Load torana.h_aw_price                             1010
>>>  OK torana.h_aw_brand                             Hermès
>>>  OK torana.h_aw_person                            Annie Faivre

======================================================================================
2022-01    Torana                         Annie Faivre              1987/1990/2000                    !!!!!!!! Annie Faivre
>>>  OK 329-annie-faivre.h_av_duty                    Artist
[31mcreatePage(): data=[title=>Torana,h_aw_day0=>2022-01,h_aw_brand=>5835,h_aw_year=>1987/1990/2000](B[m
[31msetKeyValue(): [key=>h_aw_day0,value=>2022-01,type=>FieldtypeText](B[m
>> Load torana.h_aw_day0                              2021-03-17 -> 2022-01
>>>  OK torana.h_aw_brand                             Hermès
[31msetKeyValue(): [key=>h_aw_year,value=>1987/1990/2000,type=>FieldtypeText](B[m
>>>  OK torana.h_aw_year                              1987/1990/2000
>>>  OK torana.h_aw_person                            Annie Faivre

======================================================================================
           Torana                         Annie Faivre              1987/1990/2000        G           !!!!!!!! Annie Faivre
>>>  OK 329-annie-faivre.h_av_duty                    Artist
[31mcreatePage(): data=[title=>Torana,h_aw_more=>G,h_aw_brand=>5835,h_aw_year=>1987/1990/2000](B[m
>>>  OK torana.h_aw_more                              G
>>>  OK torana.h_aw_brand                             Hermès
>>>  OK torana.h_aw_person                            Annie Faivre

======================================================================================
2024-01-05 Tresors Du Nil                 Joachim Metz              2003            88x88             !!!!!!!! Joachim Metz
>>>  OK 316-joachim-metz.h_av_duty                    Artist
[31mcreatePage(): data=[title=>Tresors Du Nil,h_aw_day0=>2024-01-05,h_aw_size=>88x88,h_aw_price=>2450,h_aw_brand=>5835,h_aw_year=>2003](B[m
[31mcreatePage(): PAGE ALREADY EXISTS selector="template=h_artwork, title=Tresors Du Nil"(B[m
[31msetKeyValue(): [key=>title,value=>Tresors Du Nil,type=>FieldtypePageTitleLanguage](B[m
>> Load tresors-du-nil.title                          Tresors Du Nil
[31msetKeyValue(): [key=>h_aw_day0,value=>2024-01-05,type=>FieldtypeText](B[m
>> Load tresors-du-nil.h_aw_day0                      2024-01-05
[31mpageName(): pageName(45x45) = 45x45(B[m
[31mpageName(): pageName(88x88) = 88x88(B[m
>>>  OK 88x88.88x88                                   88x88
>> Load tresors-du-nil.6225                           88x88
>> Load tresors-du-nil.h_aw_price                     2450
>>>  OK tresors-du-nil.h_aw_brand                     Hermès
>>>  OK tresors-du-nil.h_aw_year                      2003
>>>  OK tresors-du-nil.h_aw_person                    Joachim Metz

======================================================================================
2024-01-04 Tresors du Nil                 Joachim Metz              2003                              !!!!!!!! Joachim Metz
>>>  OK 316-joachim-metz.h_av_duty                    Artist
[31mcreatePage(): data=[title=>Tresors du Nil,h_aw_day0=>2024-01-04,h_aw_brand=>5835,h_aw_year=>2003](B[m
[31mcreatePage(): PAGE ALREADY EXISTS selector="template=h_artwork, title=Tresors du Nil"(B[m
[31msetKeyValue(): [key=>title,value=>Tresors du Nil,type=>FieldtypePageTitleLanguage](B[m
>> Load tresors-du-nil.title                          Tresors du Nil
[31msetKeyValue(): [key=>h_aw_day0,value=>2024-01-04,type=>FieldtypeText](B[m
>> Load tresors-du-nil.h_aw_day0                      2024-01-04
>>>  OK tresors-du-nil.h_aw_brand                     Hermès
>>>  OK tresors-du-nil.h_aw_person                    Joachim Metz

======================================================================================
           Tribord                        Julie Abadie              1968/1990                         !!!!!!!! Julie Abadie
>>>  OK 313-julia-abadie.h_av_duty                    Artist
[31mcreatePage(): data=[title=>Tribord,h_aw_brand=>5835,h_aw_year=>1968/1990](B[m
[31mcreatePage(): PAGE ALREADY EXISTS selector="template=h_artwork, title=Tribord"(B[m
[31msetKeyValue(): [key=>title,value=>Tribord,type=>FieldtypePageTitleLanguage](B[m
>>>  OK tribord.title                                 Tribord
>>>  OK tribord.h_aw_brand                            Hermès
[31msetKeyValue(): [key=>h_aw_year,value=>1968/1990,type=>FieldtypeText](B[m
>>>  OK tribord.h_aw_year                             1968/1990
>>>  OK tribord.h_aw_person                           Julie Abadie

======================================================================================
           Tropiques                      Laurence Bourthoumieux    1987/1990                         !!!!!!!! Laurence Bourthoumieux
>>>  OK 323-laurence-bourthoum.h_av_duty              Artist
[31mcreatePage(): data=[title=>Tropiques,h_aw_brand=>5835,h_aw_year=>1987/1990](B[m
[31mcreatePage(): PAGE ALREADY EXISTS selector="template=h_artwork, title=Tropiques"(B[m
[31msetKeyValue(): [key=>title,value=>Tropiques,type=>FieldtypePageTitleLanguage](B[m
>>>  OK tropiques.title                               Tropiques
>>>  OK tropiques.h_aw_brand                          Hermès
[31msetKeyValue(): [key=>h_aw_year,value=>1987/1990,type=>FieldtypeText](B[m
>>>  OK tropiques.h_aw_year                           1987/1990
>>>  OK tropiques.h_aw_person                         Laurence Bourthoumieux

======================================================================================
2023-08    Tsubas                         Christiane Vauzelles      1998                  G           !!!!!!!! Christiane Vauzelles
>>>  OK 167-christiane-vauzell.h_av_duty              Artist
[31mcreatePage(): data=[title=>Tsubas,h_aw_day0=>2023-08,h_aw_more=>G,h_aw_brand=>5835,h_aw_year=>1998](B[m
[31mcreatePage(): PAGE ALREADY EXISTS selector="template=h_artwork, title=Tsubas"(B[m
[31msetKeyValue(): [key=>title,value=>Tsubas,type=>FieldtypePageTitleLanguage](B[m
>>>  OK tsubas.title                                  Tsubas
[31msetKeyValue(): [key=>h_aw_day0,value=>2023-08,type=>FieldtypeText](B[m
>> Load tsubas.h_aw_day0                              2023-08
>> Load tsubas.h_aw_more                              G
>>>  OK tsubas.h_aw_brand                             Hermès
>>>  OK tsubas.h_aw_year                              1998
>>>  OK tsubas.h_aw_person                            Christiane Vauzelles

======================================================================================
           Tuileries                      Joachim Metz              1996                              !!!!!!!! Joachim Metz
>>>  OK 316-joachim-metz.h_av_duty                    Artist
[31mcreatePage(): data=[title=>Tuileries,h_aw_brand=>5835,h_aw_year=>1996](B[m
[31mcreatePage(): PAGE ALREADY EXISTS selector="template=h_artwork, title=Tuileries"(B[m
[31msetKeyValue(): [key=>title,value=>Tuileries,type=>FieldtypePageTitleLanguage](B[m
>>>  OK tuileries.title                               Tuileries
>>>  OK tuileries.h_aw_brand                          Hermès
>>>  OK tuileries.h_aw_year                           1996
>>>  OK tuileries.h_aw_person                         Joachim Metz

======================================================================================
2019-10-21 Unknown Hermes1                                                          89x89 Hermes      ???????? AUTHOR PAGE
[31mcreatePage(): data=[title=>Unknown Hermes1,h_aw_day0=>2019-10-21,h_aw_size=>89x89,h_aw_more=>Hermes,h_aw_price=>553,h_aw_brand=>5835](B[m
[31mcreatePage(): PAGE ALREADY EXISTS selector="template=h_artwork, title=Unknown Hermes1"(B[m
[31msetKeyValue(): [key=>title,value=>Unknown Hermes1,type=>FieldtypePageTitleLanguage](B[m
>>>  OK unknown-hermes1.title                         Unknown Hermes1
>>>  OK unknown-hermes1.h_aw_day0                     2019-10-21
[31msetKeyValue(): [key=>h_aw_size,value=>89x89,type=>FieldtypePage,inputfield=>InputfieldSelect,derefAsPage=>1](B[m
>>>  OK unknown-hermes1.h_aw_size                     89x89
>> Load unknown-hermes1.h_aw_more                     Hermes
>> Load unknown-hermes1.h_aw_price                    553
>>>  OK unknown-hermes1.h_aw_brand                    Hermès
[35mWARNING: Skip... Trying to assign h_aw_person=NullPage(B[m

======================================================================================
2019-10-21 Unknown Hermes2                                                          89x89 Hermes      ???????? AUTHOR PAGE
[31mcreatePage(): data=[title=>Unknown Hermes2,h_aw_day0=>2019-10-21,h_aw_size=>89x89,h_aw_more=>Hermes,h_aw_price=>553,h_aw_brand=>5835](B[m
[31mpageName(): pageName(Unknown Hermes2) = Unknown Hermes2(B[m
[31mcreatePage(): PAGE CREATED selector:template=h_artwork, title=Unknown Hermes2(B[m
[31msetKeyValue(): [key=>title,value=>Unknown Hermes2,type=>FieldtypePageTitleLanguage](B[m
>> Load unknown-hermes2.title                         Unknown Hermes2
>> Load unknown-hermes2.h_aw_day0                     2019-10-21
[31mpageName(): pageName(89x89) = 89x89(B[m
>>>  OK 89x89.89x89                                   89x89
>> Load unknown-hermes2.6259                          89x89
>> Load unknown-hermes2.h_aw_more                     Hermes
>> Load unknown-hermes2.h_aw_price                    553
>> Load unknown-hermes2.5835                          Hermès
[35mWARNING: Skip... Trying to assign h_aw_person=NullPage(B[m

======================================================================================
           Vive le vent                   Laurence Bourthoumieux    1992/1995                         !!!!!!!! Laurence Bourthoumieux
>>>  OK 323-laurence-bourthoum.h_av_duty              Artist
[31mcreatePage(): data=[title=>Vive le vent,h_aw_brand=>5835,h_aw_year=>1992/1995](B[m
[31mcreatePage(): PAGE ALREADY EXISTS selector="template=h_artwork, title=Vive le vent"(B[m
[31msetKeyValue(): [key=>title,value=>Vive le vent,type=>FieldtypePageTitleLanguage](B[m
>>>  OK vive-le-vent.title                            Vive le vent
>>>  OK vive-le-vent.h_aw_brand                       Hermès
[31msetKeyValue(): [key=>h_aw_year,value=>1992/1995,type=>FieldtypeText](B[m
>>>  OK vive-le-vent.h_aw_year                        1992/1995
>>>  OK vive-le-vent.h_aw_person                      Laurence Bourthoumieux

======================================================================================
2022-12-09 Voyage en Etoffes              Annie Faivre              2009            90x90             !!!!!!!! Annie Faivre
>>>  OK 329-annie-faivre.h_av_duty                    Artist
[31mcreatePage(): data=[title=>Voyage en Etoffes,h_aw_day0=>2022-12-09,h_aw_size=>90x90,h_aw_price=>2450,h_aw_brand=>5835,h_aw_year=>2009](B[m
[31mpageName(): pageName(Voyage en Etoffes) = Voyage en Etoffes(B[m
[31mcreatePage(): PAGE CREATED selector:template=h_artwork, title=Voyage en Etoffes(B[m
[31msetKeyValue(): [key=>title,value=>Voyage en Etoffes,type=>FieldtypePageTitleLanguage](B[m
>> Load voyage-en-etoffes.title                       Voyage en Etoffes
>> Load voyage-en-etoffes.h_aw_day0                   2022-12-09
>>>  OK 90x90.90x90                                   90x90
>> Load voyage-en-etoffes.6188                        90x90
>> Load voyage-en-etoffes.h_aw_price                  2450
>> Load voyage-en-etoffes.5835                        Hermès
[31msetKeyValue(): [key=>h_aw_year,value=>2009,type=>FieldtypeText](B[m
>> Load voyage-en-etoffes.h_aw_year                   2009
>> Load voyage-en-etoffes.5822                        Annie Faivre

======================================================================================
           Washington's carriage          Caty Latham               1979/1981                         !!!!!!!! Caty Latham
>>>  OK 168-cathy-latham-audib.h_av_duty              Artist
[31mcreatePage(): data=[title=>Washington's carriage,h_aw_brand=>5835,h_aw_year=>1979/1981](B[m
[31mcreatePage(): PAGE ALREADY EXISTS selector="template=h_artwork, title="Washington's carriage""(B[m
[31msetKeyValue(): [key=>title,value=>Washington's carriage,type=>FieldtypePageTitleLanguage](B[m
>>>  OK washingtons-carriage.title                    Washington's carriage
>>>  OK washingtons-carriage.h_aw_brand               Hermès
[31msetKeyValue(): [key=>h_aw_year,value=>1979/1981,type=>FieldtypeText](B[m
>>>  OK washingtons-carriage.h_aw_year                1979/1981
>>>  OK washingtons-carriage.h_aw_person              Caty Latham

======================================================================================
[31mgetPage(): OK 1 - template=h_person, h_av_lastname~=Miro, h_av_firstname~=Evgenia(B[m
           Zabavushka                     Evgenia Miro              2009                  Sold        !!!!!!!! Evgenia Miro (Miroshnichenko)
[31mcreatePage(): data=[title=>Evgenia Miro,h_av_firstname=>Evgenia,h_av_lastname=>Miro,h_av_duty=>Artist](B[m
[31mcreatePage(): PAGE ALREADY EXISTS selector="template=h_person, title=Evgenia Miro"(B[m
[31msetKeyValue(): [key=>title,value=>Evgenia Miro,type=>FieldtypePageTitleLanguage](B[m
>>>  OK evgenia-miro.title                            Evgenia Miro
[31msetKeyValue(): [key=>h_av_firstname,value=>Evgenia,type=>FieldtypeTextLanguage](B[m
>>>  OK evgenia-miro.h_av_firstname                   Evgenia
[31msetKeyValue(): [key=>h_av_lastname,value=>Miro,type=>FieldtypeTextLanguage](B[m
>>>  OK evgenia-miro.h_av_lastname                    Miro
>>>  OK evgenia-miro.h_av_duty                        Artist
[31mcreatePage(): data=[title=>Zabavushka,h_aw_more=>Sold,h_aw_brand=>5835,h_aw_year=>2009](B[m
[31mcreatePage(): PAGE ALREADY EXISTS selector="template=h_artwork, title=Zabavushka"(B[m
[31msetKeyValue(): [key=>title,value=>Zabavushka,type=>FieldtypePageTitleLanguage](B[m
>>>  OK zabavushka.title                              Zabavushka
[31msetKeyValue(): [key=>h_aw_more,value=>Sold,type=>FieldtypeText](B[m
>>>  OK zabavushka.h_aw_more                          Sold
>>>  OK zabavushka.h_aw_brand                         Hermès
>>>  OK zabavushka.h_aw_year                          2009
[31msetKeyValue(): [key=>h_aw_person,value=>6175,type=>FieldtypePage,inputfield=>InputfieldAsmSelect](B[m
>> Load zabavushka.5794|6175                          Evgenia Miro

======================================================================================
[31mgetPage(): OK 1 - template=h_person, h_av_lastname~=hidden author(B[m
2025-03-06 hidden title                    hidden author            hidden year                       !!!!!!!! hidden author
[31mcreatePage(): data=[title=>hidden author,h_av_lastname=>hidden author,h_av_duty=>Artist](B[m
[31mcreatePage(): PAGE ALREADY EXISTS selector="template=h_person, title=hidden author"(B[m
[31msetKeyValue(): [key=>title,value=>hidden author,type=>FieldtypePageTitleLanguage](B[m
>>>  OK hidden-author.title                           hidden author
[31msetKeyValue(): [key=>h_av_lastname,value=>hidden author,type=>FieldtypeTextLanguage](B[m
>>>  OK hidden-author.h_av_lastname                   hidden author
>>>  OK hidden-author.h_av_duty                       Artist
[31mcreatePage(): data=[title=>hidden title,h_aw_day0=>2025-03-06,h_aw_brand=>5835,h_aw_year=>hidden year](B[m
[31mcreatePage(): PAGE ALREADY EXISTS selector="template=h_artwork, title=hidden title"(B[m
[31msetKeyValue(): [key=>title,value=>hidden title,type=>FieldtypePageTitleLanguage](B[m
>>>  OK hidden-title.title                            hidden title
[31msetKeyValue(): [key=>h_aw_day0,value=>2025-03-06,type=>FieldtypeText](B[m
>>>  OK hidden-title.h_aw_day0                        2025-03-06
>>>  OK hidden-title.h_aw_brand                       Hermès
[31msetKeyValue(): [key=>h_aw_year,value=>hidden year,type=>FieldtypeText](B[m
>>>  OK hidden-title.h_aw_year                        hidden year
[31msetKeyValue(): [key=>h_aw_person,value=>6176,type=>FieldtypePage,inputfield=>InputfieldAsmSelect](B[m
>>>  OK hidden-title.h_aw_person                      hidden author
